Time,localbitcoins
2013-03-20 00:00:00 UTC,3.0
2013-03-21 00:00:00 UTC,2.3495
2013-03-23 00:00:00 UTC,2.25
2013-03-24 00:00:00 UTC,0.2245
2013-03-25 00:00:00 UTC,2.6597
2013-03-27 00:00:00 UTC,0.75
2013-03-29 00:00:00 UTC,0.1672
2013-04-03 00:00:00 UTC,2.6649
2013-04-04 00:00:00 UTC,1.1052
2013-04-05 00:00:00 UTC,0.9999
2013-04-06 00:00:00 UTC,0.02
2013-04-09 00:00:00 UTC,3.2672
2013-04-13 00:00:00 UTC,0.1117
2013-04-14 00:00:00 UTC,1.0
2013-04-15 00:00:00 UTC,0.0838
2013-04-16 00:00:00 UTC,0.063
2013-04-17 00:00:00 UTC,0.2531
2013-04-21 00:00:00 UTC,1.87
2013-04-26 00:00:00 UTC,0.4
2013-05-04 00:00:00 UTC,0.9949
2013-05-07 00:00:00 UTC,1.0004
2013-05-08 00:00:00 UTC,0.4968
2013-05-14 00:00:00 UTC,0.128
2013-05-21 00:00:00 UTC,1.0
2013-05-24 00:00:00 UTC,1.0
2013-05-26 00:00:00 UTC,5.3546
2013-05-28 00:00:00 UTC,5.0
2013-06-13 00:00:00 UTC,1.9999
2013-06-14 00:00:00 UTC,0.1412
2013-06-16 00:00:00 UTC,1.0
2013-06-17 00:00:00 UTC,3.9871
2013-06-18 00:00:00 UTC,0.1431
2013-06-22 00:00:00 UTC,2.997
2013-06-25 00:00:00 UTC,1.0
2013-07-02 00:00:00 UTC,1.4376
2013-07-07 00:00:00 UTC,0.2414
2013-07-08 00:00:00 UTC,0.9999
2013-07-10 00:00:00 UTC,0.2726
2013-07-12 00:00:00 UTC,1.0
2013-07-14 00:00:00 UTC,1.0
2013-07-16 00:00:00 UTC,1.732
2013-07-17 00:00:00 UTC,2.11
2013-07-19 00:00:00 UTC,0.9928
2013-07-23 00:00:00 UTC,0.0765
2013-08-03 00:00:00 UTC,0.2874
2013-08-06 00:00:00 UTC,2.2613
2013-08-07 00:00:00 UTC,1.6
2013-08-12 00:00:00 UTC,0.152
2013-08-13 00:00:00 UTC,1.0
2013-08-16 00:00:00 UTC,1.2115
2013-08-17 00:00:00 UTC,0.7702
2013-08-19 00:00:00 UTC,2.0
2013-08-20 00:00:00 UTC,0.22
2013-08-23 00:00:00 UTC,57.0
2013-08-24 00:00:00 UTC,0.1038
2013-08-30 00:00:00 UTC,2.7881
2013-09-02 00:00:00 UTC,2.6513701
2013-09-05 00:00:00 UTC,0.02
2013-09-06 00:00:00 UTC,5.5551
2013-09-10 00:00:00 UTC,1.0
2013-09-11 00:00:00 UTC,1.05
2013-09-12 00:00:00 UTC,1.0
2013-09-19 00:00:00 UTC,2.5325
2013-09-20 00:00:00 UTC,1.39145429
2013-09-21 00:00:00 UTC,0.0903
2013-09-22 00:00:00 UTC,0.1471
2013-09-24 00:00:00 UTC,2.8
2013-09-25 00:00:00 UTC,1.0
2013-09-26 00:00:00 UTC,1.0
2013-09-28 00:00:00 UTC,0.6914
2013-10-04 00:00:00 UTC,1.3318
2013-10-05 00:00:00 UTC,1.2431
2013-10-07 00:00:00 UTC,4.5115
2013-10-08 00:00:00 UTC,5.4999
2013-10-09 00:00:00 UTC,8.0
2013-10-11 00:00:00 UTC,5.0
2013-10-14 00:00:00 UTC,4.2114
2013-10-18 00:00:00 UTC,1.8096
2013-10-19 00:00:00 UTC,0.518
2013-10-20 00:00:00 UTC,1.41184
2013-10-22 00:00:00 UTC,2.1267
2013-10-23 00:00:00 UTC,0.0802
2013-10-24 00:00:00 UTC,5.1991
2013-10-28 00:00:00 UTC,3.6658
2013-10-29 00:00:00 UTC,0.43
2013-10-31 00:00:00 UTC,1.008
2013-11-01 00:00:00 UTC,1.2779
2013-11-04 00:00:00 UTC,0.0498
2013-11-05 00:00:00 UTC,3.2508
2013-11-06 00:00:00 UTC,0.6824
2013-11-07 00:00:00 UTC,13.2411
2013-11-08 00:00:00 UTC,4.6604
2013-11-09 00:00:00 UTC,6.0739
2013-11-11 00:00:00 UTC,0.1021
2013-11-12 00:00:00 UTC,2.6423
2013-11-13 00:00:00 UTC,1.0821
2013-11-14 00:00:00 UTC,13.3932
2013-11-15 00:00:00 UTC,0.6494
2013-11-16 00:00:00 UTC,0.5184
2013-11-18 00:00:00 UTC,5.2386
2013-11-19 00:00:00 UTC,6.47769667
2013-11-20 00:00:00 UTC,1.3272
2013-11-21 00:00:00 UTC,1.5508
2013-11-22 00:00:00 UTC,2.1337
2013-11-23 00:00:00 UTC,5.0033
2013-11-24 00:00:00 UTC,0.4571
2013-11-25 00:00:00 UTC,2.5073
2013-11-26 00:00:00 UTC,1.7216
2013-11-27 00:00:00 UTC,4.0483
2013-11-28 00:00:00 UTC,12.0402
2013-11-29 00:00:00 UTC,2.0249
2013-11-30 00:00:00 UTC,3.11964865
2013-12-01 00:00:00 UTC,0.844
2013-12-02 00:00:00 UTC,3.2551
2013-12-03 00:00:00 UTC,7.4203
2013-12-04 00:00:00 UTC,5.3348
2013-12-05 00:00:00 UTC,2.885076
2013-12-06 00:00:00 UTC,1.11522
2013-12-07 00:00:00 UTC,1.1824249
2013-12-08 00:00:00 UTC,0.4491
2013-12-09 00:00:00 UTC,13.23667582
2013-12-10 00:00:00 UTC,5.3638
2013-12-11 00:00:00 UTC,0.8993
2013-12-12 00:00:00 UTC,5.4118
2013-12-13 00:00:00 UTC,0.0393
2013-12-14 00:00:00 UTC,4.4277
2013-12-15 00:00:00 UTC,4.9906
2013-12-16 00:00:00 UTC,2.27863133
2013-12-17 00:00:00 UTC,0.6137
2013-12-18 00:00:00 UTC,4.109
2013-12-19 00:00:00 UTC,0.4352
2013-12-20 00:00:00 UTC,1.2423
2013-12-21 00:00:00 UTC,0.5
2013-12-23 00:00:00 UTC,0.4804
2013-12-24 00:00:00 UTC,1.0949
2013-12-25 00:00:00 UTC,0.256
2013-12-26 00:00:00 UTC,1.3174
2013-12-27 00:00:00 UTC,1.9712
2013-12-28 00:00:00 UTC,2.5151
2013-12-29 00:00:00 UTC,0.2041
2013-12-30 00:00:00 UTC,1.1335
2013-12-31 00:00:00 UTC,3.9276
2014-01-01 00:00:00 UTC,2.1165
2014-01-02 00:00:00 UTC,1.1731
2014-01-03 00:00:00 UTC,3.1701
2014-01-04 00:00:00 UTC,18.994
2014-01-05 00:00:00 UTC,3.3552
2014-01-06 00:00:00 UTC,6.0097
2014-01-07 00:00:00 UTC,4.8394
2014-01-08 00:00:00 UTC,1.7064
2014-01-09 00:00:00 UTC,3.6178
2014-01-10 00:00:00 UTC,5.9672
2014-01-11 00:00:00 UTC,1.3217
2014-01-12 00:00:00 UTC,5.1048
2014-01-13 00:00:00 UTC,0.5241
2014-01-14 00:00:00 UTC,4.844
2014-01-15 00:00:00 UTC,8.6323
2014-01-16 00:00:00 UTC,2.9792
2014-01-17 00:00:00 UTC,0.8135
2014-01-18 00:00:00 UTC,1.0764
2014-01-19 00:00:00 UTC,0.3419
2014-01-20 00:00:00 UTC,9.8309
2014-01-21 00:00:00 UTC,5.404
2014-01-22 00:00:00 UTC,9.7479
2014-01-23 00:00:00 UTC,17.4363
2014-01-24 00:00:00 UTC,2.1146
2014-01-25 00:00:00 UTC,2.4568
2014-01-26 00:00:00 UTC,0.4088
2014-01-27 00:00:00 UTC,6.2969
2014-01-28 00:00:00 UTC,6.2756
2014-01-29 00:00:00 UTC,2.2188
2014-01-30 00:00:00 UTC,5.0947
2014-01-31 00:00:00 UTC,5.3266
2014-02-01 00:00:00 UTC,4.0717
2014-02-02 00:00:00 UTC,3.0154
2014-02-03 00:00:00 UTC,5.5882
2014-02-04 00:00:00 UTC,3.0211
2014-02-05 00:00:00 UTC,6.3408
2014-02-06 00:00:00 UTC,2.9232
2014-02-07 00:00:00 UTC,5.5007
2014-02-08 00:00:00 UTC,5.1713
2014-02-09 00:00:00 UTC,0.6313
2014-02-10 00:00:00 UTC,3.8607
2014-02-11 00:00:00 UTC,5.9042
2014-02-12 00:00:00 UTC,1.7518
2014-02-13 00:00:00 UTC,2.3358
2014-02-14 00:00:00 UTC,12.0783
2014-02-15 00:00:00 UTC,3.1119
2014-02-16 00:00:00 UTC,1.8916
2014-02-17 00:00:00 UTC,2.6767
2014-02-18 00:00:00 UTC,6.0162
2014-02-19 00:00:00 UTC,2.9435
2014-02-20 00:00:00 UTC,7.3382
2014-02-21 00:00:00 UTC,4.8549
2014-02-22 00:00:00 UTC,1.7003
2014-02-23 00:00:00 UTC,1.5593
2014-02-24 00:00:00 UTC,2.7737
2014-02-25 00:00:00 UTC,1.937
2014-02-26 00:00:00 UTC,6.3867
2014-02-27 00:00:00 UTC,4.0747
2014-02-28 00:00:00 UTC,3.983
2014-03-01 00:00:00 UTC,0.8136
2014-03-02 00:00:00 UTC,3.4259
2014-03-03 00:00:00 UTC,5.1307
2014-03-04 00:00:00 UTC,14.7637
2014-03-05 00:00:00 UTC,9.4745
2014-03-06 00:00:00 UTC,3.3893
2014-03-07 00:00:00 UTC,3.4346
2014-03-08 00:00:00 UTC,1.9934
2014-03-09 00:00:00 UTC,0.8188
2014-03-10 00:00:00 UTC,4.535
2014-03-11 00:00:00 UTC,5.5809
2014-03-12 00:00:00 UTC,4.7351
2014-03-13 00:00:00 UTC,4.0931
2014-03-14 00:00:00 UTC,4.2842
2014-03-15 00:00:00 UTC,1.4255
2014-03-16 00:00:00 UTC,2.1632
2014-03-17 00:00:00 UTC,0.8756
2014-03-18 00:00:00 UTC,1.2356
2014-03-19 00:00:00 UTC,4.0706862
2014-03-20 00:00:00 UTC,3.9536013
2014-03-21 00:00:00 UTC,4.5937238
2014-03-22 00:00:00 UTC,1.7184413
2014-03-23 00:00:00 UTC,1.0024883
2014-03-24 00:00:00 UTC,0.2557536
2014-03-25 00:00:00 UTC,3.3386917
2014-03-26 00:00:00 UTC,1.6435757
2014-03-27 00:00:00 UTC,1.8484181
2014-03-28 00:00:00 UTC,3.8870212
2014-03-29 00:00:00 UTC,12.9176863
2014-03-30 00:00:00 UTC,0.6391185
2014-03-31 00:00:00 UTC,2.3047363
2014-04-01 00:00:00 UTC,1.3848932
2014-04-02 00:00:00 UTC,1.803856
2014-04-03 00:00:00 UTC,7.5782076
2014-04-04 00:00:00 UTC,2.0536003
2014-04-05 00:00:00 UTC,1.0121033
2014-04-06 00:00:00 UTC,0.4482031
2014-04-07 00:00:00 UTC,5.9322682
2014-04-08 00:00:00 UTC,1.9423476
2014-04-09 00:00:00 UTC,6.007956
2014-04-10 00:00:00 UTC,2.9289013
2014-04-11 00:00:00 UTC,2.6699123
2014-04-12 00:00:00 UTC,3.1465476
2014-04-13 00:00:00 UTC,6.9266069
2014-04-14 00:00:00 UTC,4.1319864
2014-04-15 00:00:00 UTC,2.4252502
2014-04-16 00:00:00 UTC,9.763905
2014-04-17 00:00:00 UTC,2.6641863
2014-04-18 00:00:00 UTC,0.3993784
2014-04-19 00:00:00 UTC,1.34933
2014-04-20 00:00:00 UTC,1.3934542
2014-04-21 00:00:00 UTC,3.4592421
2014-04-22 00:00:00 UTC,2.9028492
2014-04-23 00:00:00 UTC,4.4802764
2014-04-24 00:00:00 UTC,8.1786
2014-04-25 00:00:00 UTC,9.7758
2014-04-26 00:00:00 UTC,8.4907
2014-04-27 00:00:00 UTC,1.2517
2014-04-28 00:00:00 UTC,4.4204
2014-04-29 00:00:00 UTC,4.2221
2014-04-30 00:00:00 UTC,12.6284
2014-05-01 00:00:00 UTC,6.7758
2014-05-02 00:00:00 UTC,14.754
2014-05-03 00:00:00 UTC,1.0154
2014-05-05 00:00:00 UTC,2.2194
2014-05-06 00:00:00 UTC,6.8674
2014-05-07 00:00:00 UTC,4.3706
2014-05-08 00:00:00 UTC,16.4224
2014-05-09 00:00:00 UTC,7.6509
2014-05-10 00:00:00 UTC,9.6551
2014-05-11 00:00:00 UTC,2.001
2014-05-12 00:00:00 UTC,9.7556
2014-05-13 00:00:00 UTC,5.5258
2014-05-14 00:00:00 UTC,9.0677
2014-05-15 00:00:00 UTC,1.3651
2014-05-16 00:00:00 UTC,8.278
2014-05-17 00:00:00 UTC,2.7966
2014-05-19 00:00:00 UTC,0.3764
2014-05-20 00:00:00 UTC,1.966
2014-05-21 00:00:00 UTC,10.9046
2014-05-22 00:00:00 UTC,6.871
2014-05-23 00:00:00 UTC,27.7461
2014-05-24 00:00:00 UTC,4.3605
2014-05-25 00:00:00 UTC,12.2739
2014-05-26 00:00:00 UTC,6.9393
2014-05-27 00:00:00 UTC,2.207
2014-05-28 00:00:00 UTC,7.9177
2014-05-29 00:00:00 UTC,6.0372
2014-05-30 00:00:00 UTC,5.9515
2014-05-31 00:00:00 UTC,2.322
2014-06-01 00:00:00 UTC,0.4058
2014-06-02 00:00:00 UTC,4.5082
2014-06-03 00:00:00 UTC,3.097
2014-06-04 00:00:00 UTC,3.2302
2014-06-05 00:00:00 UTC,1.2484
2014-06-06 00:00:00 UTC,6.5247
2014-06-07 00:00:00 UTC,4.0774
2014-06-08 00:00:00 UTC,0.1597
2014-06-09 00:00:00 UTC,6.9829
2014-06-10 00:00:00 UTC,7.4924
2014-06-11 00:00:00 UTC,3.1742
2014-06-12 00:00:00 UTC,9.3787
2014-06-13 00:00:00 UTC,4.6533
2014-06-14 00:00:00 UTC,2.5668
2014-06-15 00:00:00 UTC,0.4826
2014-06-16 00:00:00 UTC,5.9192
2014-06-17 00:00:00 UTC,6.0965
2014-06-18 00:00:00 UTC,9.4496
2014-06-19 00:00:00 UTC,5.3052
2014-06-20 00:00:00 UTC,3.4259
2014-06-21 00:00:00 UTC,2.0189
2014-06-22 00:00:00 UTC,5.1796
2014-06-23 00:00:00 UTC,2.916
2014-06-24 00:00:00 UTC,1.0454
2014-06-25 00:00:00 UTC,13.6354
2014-06-26 00:00:00 UTC,2.1979
2014-06-27 00:00:00 UTC,4.9708
2014-06-28 00:00:00 UTC,3.0668
2014-06-29 00:00:00 UTC,2.002
2014-06-30 00:00:00 UTC,2.7033
2014-07-01 00:00:00 UTC,2.3538
2014-07-02 00:00:00 UTC,9.7543
2014-07-03 00:00:00 UTC,3.072
2014-07-04 00:00:00 UTC,3.702
2014-07-05 00:00:00 UTC,3.1684
2014-07-06 00:00:00 UTC,0.9039
2014-07-07 00:00:00 UTC,3.5205
2014-07-08 00:00:00 UTC,10.7631
2014-07-09 00:00:00 UTC,7.8596
2014-07-10 00:00:00 UTC,10.0583
2014-07-11 00:00:00 UTC,1.2467
2014-07-12 00:00:00 UTC,3.1892
2014-07-13 00:00:00 UTC,13.487
2014-07-14 00:00:00 UTC,33.9855
2014-07-15 00:00:00 UTC,6.1301
2014-07-16 00:00:00 UTC,4.5752
2014-07-17 00:00:00 UTC,5.1506
2014-07-18 00:00:00 UTC,2.4018
2014-07-19 00:00:00 UTC,4.6432
2014-07-20 00:00:00 UTC,1.1061
2014-07-21 00:00:00 UTC,7.2055
2014-07-22 00:00:00 UTC,2.5306
2014-07-23 00:00:00 UTC,2.2043
2014-07-24 00:00:00 UTC,3.4849
2014-07-25 00:00:00 UTC,9.485
2014-07-26 00:00:00 UTC,4.8542
2014-07-27 00:00:00 UTC,0.5927
2014-07-28 00:00:00 UTC,8.6605
2014-07-29 00:00:00 UTC,3.3347
2014-07-30 00:00:00 UTC,4.718
2014-07-31 00:00:00 UTC,7.7551
2014-08-01 00:00:00 UTC,6.051
2014-08-02 00:00:00 UTC,3.5134
2014-08-03 00:00:00 UTC,0.1661
2014-08-04 00:00:00 UTC,12.2147
2014-08-05 00:00:00 UTC,10.3042
2014-08-06 00:00:00 UTC,5.2035
2014-08-07 00:00:00 UTC,2.5001
2014-08-08 00:00:00 UTC,4.4055
2014-08-09 00:00:00 UTC,4.5059
2014-08-10 00:00:00 UTC,2.9771
2014-08-11 00:00:00 UTC,5.5801
2014-08-12 00:00:00 UTC,7.9859
2014-08-13 00:00:00 UTC,5.3603
2014-08-14 00:00:00 UTC,7.0291
2014-08-15 00:00:00 UTC,0.9834
2014-08-16 00:00:00 UTC,3.9088
2014-08-17 00:00:00 UTC,0.537
2014-08-18 00:00:00 UTC,5.9706
2014-08-19 00:00:00 UTC,12.3338
2014-08-20 00:00:00 UTC,4.2831
2014-08-21 00:00:00 UTC,5.4329
2014-08-22 00:00:00 UTC,2.9703
2014-08-23 00:00:00 UTC,5.0603
2014-08-24 00:00:00 UTC,0.686
2014-08-25 00:00:00 UTC,4.8281
2014-08-26 00:00:00 UTC,8.463
2014-08-27 00:00:00 UTC,11.2851
2014-08-28 00:00:00 UTC,4.1822
2014-08-29 00:00:00 UTC,3.0063
2014-08-30 00:00:00 UTC,4.923
2014-08-31 00:00:00 UTC,1.0201
2014-09-01 00:00:00 UTC,3.5982
2014-09-02 00:00:00 UTC,9.7256
2014-09-03 00:00:00 UTC,4.5407
2014-09-04 00:00:00 UTC,6.1327
2014-09-05 00:00:00 UTC,3.9212
2014-09-06 00:00:00 UTC,1.5447
2014-09-07 00:00:00 UTC,0.7914
2014-09-08 00:00:00 UTC,6.1037
2014-09-09 00:00:00 UTC,5.6751
2014-09-10 00:00:00 UTC,3.9017
2014-09-11 00:00:00 UTC,4.2649
2014-09-12 00:00:00 UTC,18.5034
2014-09-13 00:00:00 UTC,1.0701
2014-09-14 00:00:00 UTC,1.9755
2014-09-15 00:00:00 UTC,6.0637
2014-09-16 00:00:00 UTC,9.5761
2014-09-17 00:00:00 UTC,3.3167
2014-09-18 00:00:00 UTC,13.7955
2014-09-19 00:00:00 UTC,4.5925
2014-09-20 00:00:00 UTC,5.1915
2014-09-21 00:00:00 UTC,5.7169
2014-09-22 00:00:00 UTC,13.9081
2014-09-23 00:00:00 UTC,20.4147
2014-09-24 00:00:00 UTC,28.2866
2014-09-25 00:00:00 UTC,52.5441
2014-09-26 00:00:00 UTC,6.2397
2014-09-27 00:00:00 UTC,11.0109
2014-09-28 00:00:00 UTC,7.85
2014-09-29 00:00:00 UTC,18.8783
2014-09-30 00:00:00 UTC,18.9798
2014-10-01 00:00:00 UTC,15.7638
2014-10-02 00:00:00 UTC,3.4089
2014-10-03 00:00:00 UTC,20.8795
2014-10-04 00:00:00 UTC,0.719
2014-10-05 00:00:00 UTC,15.7245
2014-10-06 00:00:00 UTC,13.6931
2014-10-07 00:00:00 UTC,8.8968
2014-10-08 00:00:00 UTC,1.4817
2014-10-09 00:00:00 UTC,5.0787
2014-10-10 00:00:00 UTC,4.1864
2014-10-11 00:00:00 UTC,5.967
2014-10-12 00:00:00 UTC,0.9949
2014-10-13 00:00:00 UTC,22.9512
2014-10-14 00:00:00 UTC,8.1975
2014-10-15 00:00:00 UTC,8.6952
2014-10-16 00:00:00 UTC,2.7467
2014-10-17 00:00:00 UTC,4.1467
2014-10-18 00:00:00 UTC,13.8451
2014-10-19 00:00:00 UTC,4.2229
2014-10-20 00:00:00 UTC,12.5025
2014-10-21 00:00:00 UTC,17.0458
2014-10-22 00:00:00 UTC,7.9873
2014-10-23 00:00:00 UTC,5.6927
2014-10-24 00:00:00 UTC,12.4305
2014-10-25 00:00:00 UTC,4.1227
2014-10-26 00:00:00 UTC,8.2908
2014-10-27 00:00:00 UTC,6.5749
2014-10-28 00:00:00 UTC,19.0887
2014-10-29 00:00:00 UTC,7.6187
2014-10-30 00:00:00 UTC,21.1136
2014-10-31 00:00:00 UTC,12.3292
2014-11-01 00:00:00 UTC,18.8389
2014-11-02 00:00:00 UTC,6.9787
2014-11-03 00:00:00 UTC,11.9767
2014-11-04 00:00:00 UTC,3.5187
2014-11-05 00:00:00 UTC,17.734
2014-11-06 00:00:00 UTC,13.8231
2014-11-07 00:00:00 UTC,24.496
2014-11-08 00:00:00 UTC,6.8449
2014-11-09 00:00:00 UTC,11.6134
2014-11-10 00:00:00 UTC,24.3725
2014-11-11 00:00:00 UTC,12.4226
2014-11-12 00:00:00 UTC,18.7328
2014-11-13 00:00:00 UTC,4.7915
2014-11-14 00:00:00 UTC,8.6741
2014-11-15 00:00:00 UTC,9.4932
2014-11-16 00:00:00 UTC,7.8632
2014-11-17 00:00:00 UTC,18.5941
2014-11-18 00:00:00 UTC,13.2095
2014-11-19 00:00:00 UTC,21.8875
2014-11-20 00:00:00 UTC,15.2402
2014-11-21 00:00:00 UTC,12.1983
2014-11-22 00:00:00 UTC,20.1356
2014-11-23 00:00:00 UTC,5.9719
2014-11-24 00:00:00 UTC,23.3067
2014-11-25 00:00:00 UTC,8.5631
2014-11-26 00:00:00 UTC,10.3948
2014-11-27 00:00:00 UTC,9.831
2014-11-28 00:00:00 UTC,11.0491
2014-11-29 00:00:00 UTC,11.2702
2014-11-30 00:00:00 UTC,10.9831
2014-12-01 00:00:00 UTC,14.7272
2014-12-02 00:00:00 UTC,37.7964
2014-12-03 00:00:00 UTC,5.8309
2014-12-04 00:00:00 UTC,9.1022
2014-12-05 00:00:00 UTC,60.9793
2014-12-06 00:00:00 UTC,9.7877
2014-12-07 00:00:00 UTC,6.8167
2014-12-08 00:00:00 UTC,47.9673
2014-12-09 00:00:00 UTC,11.6281
2014-12-10 00:00:00 UTC,7.4732
2014-12-11 00:00:00 UTC,16.6648
2014-12-12 00:00:00 UTC,7.1251
2014-12-13 00:00:00 UTC,8.4318
2014-12-14 00:00:00 UTC,6.2584
2014-12-15 00:00:00 UTC,13.2259
2014-12-16 00:00:00 UTC,8.6552
2014-12-17 00:00:00 UTC,15.648
2014-12-18 00:00:00 UTC,12.5739
2014-12-19 00:00:00 UTC,20.5998
2014-12-20 00:00:00 UTC,7.1598
2014-12-21 00:00:00 UTC,7.5888
2014-12-22 00:00:00 UTC,12.5121
2014-12-23 00:00:00 UTC,14.5201
2014-12-24 00:00:00 UTC,16.1404
2014-12-25 00:00:00 UTC,2.1905
2014-12-26 00:00:00 UTC,32.9184
2014-12-27 00:00:00 UTC,10.4639
2014-12-28 00:00:00 UTC,4.8572
2014-12-29 00:00:00 UTC,9.9995
2014-12-30 00:00:00 UTC,25.5563
2014-12-31 00:00:00 UTC,59.5798
2015-01-01 00:00:00 UTC,28.8852
2015-01-02 00:00:00 UTC,8.1022
2015-01-03 00:00:00 UTC,5.7747
2015-01-04 00:00:00 UTC,12.4827
2015-01-05 00:00:00 UTC,12.1877
2015-01-06 00:00:00 UTC,13.1661
2015-01-07 00:00:00 UTC,22.312
2015-01-08 00:00:00 UTC,13.5997
2015-01-09 00:00:00 UTC,7.8021
2015-01-10 00:00:00 UTC,9.7732
2015-01-11 00:00:00 UTC,17.2938
2015-01-12 00:00:00 UTC,82.1264
2015-01-13 00:00:00 UTC,49.5774
2015-01-14 00:00:00 UTC,22.0103
2015-01-15 00:00:00 UTC,7.9878
2015-01-16 00:00:00 UTC,21.4546
2015-01-17 00:00:00 UTC,8.2579
2015-01-18 00:00:00 UTC,12.7612
2015-01-19 00:00:00 UTC,13.7076
2015-01-20 00:00:00 UTC,47.182
2015-01-21 00:00:00 UTC,24.8927
2015-01-22 00:00:00 UTC,15.942
2015-01-23 00:00:00 UTC,30.0369
2015-01-24 00:00:00 UTC,33.8356
2015-01-25 00:00:00 UTC,6.0062
2015-01-26 00:00:00 UTC,10.684
2015-01-27 00:00:00 UTC,13.8486
2015-01-28 00:00:00 UTC,9.4524
2015-01-29 00:00:00 UTC,11.1854
2015-01-30 00:00:00 UTC,26.1481
2015-01-31 00:00:00 UTC,14.3861
2015-02-01 00:00:00 UTC,11.5428
2015-02-02 00:00:00 UTC,17.2339
2015-02-03 00:00:00 UTC,20.6092
2015-02-04 00:00:00 UTC,24.0277
2015-02-05 00:00:00 UTC,17.9904
2015-02-06 00:00:00 UTC,15.9377
2015-02-07 00:00:00 UTC,18.9938
2015-02-08 00:00:00 UTC,6.3738
2015-02-09 00:00:00 UTC,10.0514
2015-02-10 00:00:00 UTC,18.7478
2015-02-11 00:00:00 UTC,9.6232
2015-02-12 00:00:00 UTC,35.3152
2015-02-13 00:00:00 UTC,32.5484
2015-02-14 00:00:00 UTC,27.0642
2015-02-15 00:00:00 UTC,10.1178
2015-02-16 00:00:00 UTC,15.0151
2015-02-17 00:00:00 UTC,9.8815
2015-02-18 00:00:00 UTC,8.2563
2015-02-19 00:00:00 UTC,12.8693
2015-02-20 00:00:00 UTC,21.7835
2015-02-21 00:00:00 UTC,5.5759
2015-02-22 00:00:00 UTC,8.8191
2015-02-23 00:00:00 UTC,16.8107
2015-02-24 00:00:00 UTC,19.1595
2015-02-25 00:00:00 UTC,19.8089
2015-02-26 00:00:00 UTC,19.4614
2015-02-27 00:00:00 UTC,31.7205
2015-02-28 00:00:00 UTC,16.2817
2015-03-01 00:00:00 UTC,12.5415
2015-03-02 00:00:00 UTC,21.598
2015-03-03 00:00:00 UTC,34.5472
2015-03-04 00:00:00 UTC,18.5153
2015-03-05 00:00:00 UTC,32.6312
2015-03-06 00:00:00 UTC,39.1434
2015-03-07 00:00:00 UTC,17.1222
2015-03-08 00:00:00 UTC,4.6622
2015-03-09 00:00:00 UTC,45.0396
2015-03-10 00:00:00 UTC,42.1167
2015-03-11 00:00:00 UTC,22.7552
2015-03-12 00:00:00 UTC,29.9564
2015-03-13 00:00:00 UTC,27.4018
2015-03-14 00:00:00 UTC,33.8977
2015-03-15 00:00:00 UTC,8.6056
2015-03-16 00:00:00 UTC,28.7359
2015-03-17 00:00:00 UTC,13.6653
2015-03-18 00:00:00 UTC,19.4987
2015-03-19 00:00:00 UTC,25.0981
2015-03-20 00:00:00 UTC,13.8127
2015-03-21 00:00:00 UTC,4.6445
2015-03-22 00:00:00 UTC,9.2445
2015-03-23 00:00:00 UTC,17.0879
2015-03-24 00:00:00 UTC,18.9741
2015-03-25 00:00:00 UTC,19.2706
2015-03-26 00:00:00 UTC,4.9951
2015-03-27 00:00:00 UTC,15.1302
2015-03-28 00:00:00 UTC,15.1736
2015-03-29 00:00:00 UTC,5.009
2015-03-30 00:00:00 UTC,23.2293
2015-03-31 00:00:00 UTC,15.4059
2015-04-01 00:00:00 UTC,15.4145
2015-04-02 00:00:00 UTC,38.8258
2015-04-03 00:00:00 UTC,14.2167
2015-04-04 00:00:00 UTC,14.4715
2015-04-05 00:00:00 UTC,18.3936
2015-04-06 00:00:00 UTC,31.1197
2015-04-07 00:00:00 UTC,21.8456
2015-04-08 00:00:00 UTC,14.2824
2015-04-09 00:00:00 UTC,19.0168
2015-04-10 00:00:00 UTC,9.1954
2015-04-11 00:00:00 UTC,10.3292
2015-04-12 00:00:00 UTC,3.4497
2015-04-13 00:00:00 UTC,14.7069
2015-04-14 00:00:00 UTC,17.5176
2015-04-15 00:00:00 UTC,22.4812
2015-04-16 00:00:00 UTC,10.7254
2015-04-17 00:00:00 UTC,27.0435
2015-04-18 00:00:00 UTC,23.3273
2015-04-19 00:00:00 UTC,8.5575
2015-04-20 00:00:00 UTC,24.7934
2015-04-21 00:00:00 UTC,39.3481
2015-04-22 00:00:00 UTC,91.3844
2015-04-23 00:00:00 UTC,14.2335
2015-04-24 00:00:00 UTC,18.9107
2015-04-25 00:00:00 UTC,20.5979
2015-04-26 00:00:00 UTC,8.5709
2015-04-27 00:00:00 UTC,34.7905
2015-04-28 00:00:00 UTC,16.7142
2015-04-29 00:00:00 UTC,27.3066
2015-04-30 00:00:00 UTC,7.4843
2015-05-01 00:00:00 UTC,22.5651
2015-05-02 00:00:00 UTC,27.3844
2015-05-03 00:00:00 UTC,27.0262
2015-05-04 00:00:00 UTC,45.7647
2015-05-05 00:00:00 UTC,28.8261
2015-05-06 00:00:00 UTC,27.3314
2015-05-07 00:00:00 UTC,12.4607
2015-05-08 00:00:00 UTC,24.9696
2015-05-09 00:00:00 UTC,7.91
2015-05-10 00:00:00 UTC,21.4085
2015-05-11 00:00:00 UTC,15.0844
2015-05-12 00:00:00 UTC,23.9875
2015-05-13 00:00:00 UTC,31.0108
2015-05-14 00:00:00 UTC,27.5494
2015-05-15 00:00:00 UTC,39.9787
2015-05-16 00:00:00 UTC,20.0736
2015-05-17 00:00:00 UTC,17.5051
2015-05-18 00:00:00 UTC,18.8117
2015-05-19 00:00:00 UTC,28.9399
2015-05-20 00:00:00 UTC,19.6326
2015-05-21 00:00:00 UTC,16.7481
2015-05-22 00:00:00 UTC,23.5454
2015-05-23 00:00:00 UTC,24.7623
2015-05-24 00:00:00 UTC,4.6578
2015-05-25 00:00:00 UTC,20.6497
2015-05-26 00:00:00 UTC,35.3676
2015-05-27 00:00:00 UTC,67.6868
2015-05-28 00:00:00 UTC,31.1419
2015-05-29 00:00:00 UTC,24.858
2015-05-30 00:00:00 UTC,22.3978
2015-05-31 00:00:00 UTC,12.8529
2015-06-01 00:00:00 UTC,38.756
2015-06-02 00:00:00 UTC,24.8285
2015-06-03 00:00:00 UTC,32.5503
2015-06-04 00:00:00 UTC,22.6322
2015-06-05 00:00:00 UTC,22.9863
2015-06-06 00:00:00 UTC,32.1236
2015-06-07 00:00:00 UTC,5.1821
2015-06-08 00:00:00 UTC,18.8266
2015-06-09 00:00:00 UTC,33.775
2015-06-10 00:00:00 UTC,26.8096
2015-06-11 00:00:00 UTC,29.1525
2015-06-12 00:00:00 UTC,34.4378
2015-06-13 00:00:00 UTC,31.1801
2015-06-14 00:00:00 UTC,9.9509
2015-06-15 00:00:00 UTC,44.552
2015-06-16 00:00:00 UTC,34.829
2015-06-17 00:00:00 UTC,29.3684
2015-06-18 00:00:00 UTC,27.0503
2015-06-19 00:00:00 UTC,48.8404
2015-06-20 00:00:00 UTC,34.3989
2015-06-21 00:00:00 UTC,38.4587
2015-06-22 00:00:00 UTC,32.0193
2015-06-23 00:00:00 UTC,30.6405
2015-06-24 00:00:00 UTC,44.0293
2015-06-25 00:00:00 UTC,25.6894
2015-06-26 00:00:00 UTC,62.5731
2015-06-27 00:00:00 UTC,15.7267
2015-06-28 00:00:00 UTC,13.6031
2015-06-29 00:00:00 UTC,38.4425
2015-06-30 00:00:00 UTC,42.6351
2015-07-01 00:00:00 UTC,41.266
2015-07-02 00:00:00 UTC,28.0903
2015-07-03 00:00:00 UTC,34.3298
2015-07-04 00:00:00 UTC,15.6475
2015-07-05 00:00:00 UTC,23.278
2015-07-06 00:00:00 UTC,25.3256
2015-07-07 00:00:00 UTC,22.5084
2015-07-08 00:00:00 UTC,31.3458
2015-07-09 00:00:00 UTC,37.3208
2015-07-10 00:00:00 UTC,36.2411
2015-07-11 00:00:00 UTC,11.3321
2015-07-12 00:00:00 UTC,25.428
2015-07-13 00:00:00 UTC,26.6467
2015-07-14 00:00:00 UTC,27.978
2015-07-15 00:00:00 UTC,38.5801
2015-07-16 00:00:00 UTC,15.0849
2015-07-17 00:00:00 UTC,24.7331
2015-07-18 00:00:00 UTC,3.4153
2015-07-19 00:00:00 UTC,11.3375
2015-07-20 00:00:00 UTC,21.308
2015-07-21 00:00:00 UTC,18.5342
2015-07-22 00:00:00 UTC,67.4534
2015-07-23 00:00:00 UTC,16.99
2015-07-24 00:00:00 UTC,19.1391
2015-07-25 00:00:00 UTC,18.3095
2015-07-26 00:00:00 UTC,10.9615
2015-07-27 00:00:00 UTC,22.9647
2015-07-28 00:00:00 UTC,25.6615
2015-07-29 00:00:00 UTC,24.6742
2015-07-30 00:00:00 UTC,17.9055
2015-07-31 00:00:00 UTC,16.7255
2015-08-01 00:00:00 UTC,17.9229
2015-08-02 00:00:00 UTC,12.0139
2015-08-03 00:00:00 UTC,48.2575
2015-08-04 00:00:00 UTC,30.48
2015-08-05 00:00:00 UTC,16.4292
2015-08-06 00:00:00 UTC,25.8791
2015-08-07 00:00:00 UTC,15.1691
2015-08-08 00:00:00 UTC,16.4638
2015-08-09 00:00:00 UTC,13.6648
2015-08-10 00:00:00 UTC,30.9336
2015-08-11 00:00:00 UTC,22.9548
2015-08-12 00:00:00 UTC,28.156
2015-08-13 00:00:00 UTC,57.7132
2015-08-14 00:00:00 UTC,41.2364
2015-08-15 00:00:00 UTC,24.4054
2015-08-16 00:00:00 UTC,14.7335
2015-08-17 00:00:00 UTC,39.826
2015-08-18 00:00:00 UTC,21.1977
2015-08-19 00:00:00 UTC,34.831
2015-08-20 00:00:00 UTC,25.5379
2015-08-21 00:00:00 UTC,38.11
2015-08-22 00:00:00 UTC,42.5062
2015-08-23 00:00:00 UTC,12.2447
2015-08-24 00:00:00 UTC,29.4655
2015-08-25 00:00:00 UTC,37.9316
2015-08-26 00:00:00 UTC,32.7294
2015-08-27 00:00:00 UTC,25.5515
2015-08-28 00:00:00 UTC,40.5923
2015-08-29 00:00:00 UTC,29.9489
2015-08-30 00:00:00 UTC,10.5397
2015-08-31 00:00:00 UTC,34.6148
2015-09-01 00:00:00 UTC,60.4866
2015-09-02 00:00:00 UTC,43.285
2015-09-03 00:00:00 UTC,55.1965
2015-09-04 00:00:00 UTC,62.2478
2015-09-05 00:00:00 UTC,42.1708
2015-09-06 00:00:00 UTC,22.3136
2015-09-07 00:00:00 UTC,38.6794
2015-09-08 00:00:00 UTC,28.9988
2015-09-09 00:00:00 UTC,50.1894
2015-09-10 00:00:00 UTC,45.1882
2015-09-11 00:00:00 UTC,25.8179
2015-09-12 00:00:00 UTC,13.1731
2015-09-13 00:00:00 UTC,12.8144
2015-09-14 00:00:00 UTC,19.6936
2015-09-15 00:00:00 UTC,10.2415
2015-09-16 00:00:00 UTC,32.4089
2015-09-17 00:00:00 UTC,26.0881
2015-09-18 00:00:00 UTC,29.9341
2015-09-19 00:00:00 UTC,10.8534
2015-09-20 00:00:00 UTC,11.7415
2015-09-21 00:00:00 UTC,35.2222
2015-09-22 00:00:00 UTC,28.8153
2015-09-23 00:00:00 UTC,30.1921
2015-09-24 00:00:00 UTC,23.5078
2015-09-25 00:00:00 UTC,26.3525
2015-09-26 00:00:00 UTC,21.606
2015-09-27 00:00:00 UTC,9.6826
2015-09-28 00:00:00 UTC,55.7709
2015-09-29 00:00:00 UTC,36.5483
2015-09-30 00:00:00 UTC,35.3124
2015-10-01 00:00:00 UTC,22.5271
2015-10-02 00:00:00 UTC,18.4277
2015-10-03 00:00:00 UTC,41.8465
2015-10-04 00:00:00 UTC,14.7539
2015-10-05 00:00:00 UTC,35.6452
2015-10-06 00:00:00 UTC,89.1019
2015-10-07 00:00:00 UTC,41.0561
2015-10-08 00:00:00 UTC,30.4002
2015-10-09 00:00:00 UTC,26.8674
2015-10-10 00:00:00 UTC,5.8176
2015-10-11 00:00:00 UTC,21.1545
2015-10-12 00:00:00 UTC,14.4244
2015-10-13 00:00:00 UTC,28.029
2015-10-14 00:00:00 UTC,25.83
2015-10-15 00:00:00 UTC,50.3089
2015-10-16 00:00:00 UTC,28.9714
2015-10-17 00:00:00 UTC,87.0041
2015-10-18 00:00:00 UTC,13.099
2015-10-19 00:00:00 UTC,36.0864
2015-10-20 00:00:00 UTC,68.9931
2015-10-21 00:00:00 UTC,30.8916
2015-10-22 00:00:00 UTC,45.0447
2015-10-23 00:00:00 UTC,26.5422
2015-10-24 00:00:00 UTC,7.1439
2015-10-25 00:00:00 UTC,12.2002
2015-10-26 00:00:00 UTC,70.2193
2015-10-27 00:00:00 UTC,58.5747
2015-10-28 00:00:00 UTC,85.5824
2015-10-29 00:00:00 UTC,99.1417
2015-10-30 00:00:00 UTC,72.3634
2015-10-31 00:00:00 UTC,56.8251
2015-11-01 00:00:00 UTC,17.5175
2015-11-02 00:00:00 UTC,100.9741
2015-11-03 00:00:00 UTC,122.9748
2015-11-04 00:00:00 UTC,110.1558
2015-11-05 00:00:00 UTC,27.4006
2015-11-06 00:00:00 UTC,29.0211
2015-11-07 00:00:00 UTC,51.6983
2015-11-08 00:00:00 UTC,21.7125
2015-11-09 00:00:00 UTC,59.5966
2015-11-10 00:00:00 UTC,52.0137
2015-11-11 00:00:00 UTC,21.7793
2015-11-12 00:00:00 UTC,46.5302
2015-11-13 00:00:00 UTC,58.3113
2015-11-14 00:00:00 UTC,28.1979
2015-11-15 00:00:00 UTC,35.0659
2015-11-16 00:00:00 UTC,49.9532
2015-11-17 00:00:00 UTC,71.9182
2015-11-18 00:00:00 UTC,49.9527
2015-11-19 00:00:00 UTC,69.1325
2015-11-20 00:00:00 UTC,98.8498
2015-11-21 00:00:00 UTC,120.35
2015-11-22 00:00:00 UTC,32.6591
2015-11-23 00:00:00 UTC,191.7197
2015-11-24 00:00:00 UTC,103.9917
2015-11-25 00:00:00 UTC,107.1943
2015-11-26 00:00:00 UTC,127.2627
2015-11-27 00:00:00 UTC,159.8574
2015-11-28 00:00:00 UTC,83.5768
2015-11-29 00:00:00 UTC,54.1001
2015-11-30 00:00:00 UTC,137.7579
2015-12-01 00:00:00 UTC,91.9832
2015-12-02 00:00:00 UTC,91.229
2015-12-03 00:00:00 UTC,132.9719
2015-12-04 00:00:00 UTC,74.1032
2015-12-05 00:00:00 UTC,93.2083
2015-12-06 00:00:00 UTC,32.9472
2015-12-07 00:00:00 UTC,129.2702
2015-12-08 00:00:00 UTC,138.328
2015-12-09 00:00:00 UTC,100.7548
2015-12-10 00:00:00 UTC,121.7174
2015-12-11 00:00:00 UTC,52.0282
2015-12-12 00:00:00 UTC,60.1916
2015-12-13 00:00:00 UTC,23.2381
2015-12-14 00:00:00 UTC,127.5488
2015-12-15 00:00:00 UTC,78.2401
2015-12-16 00:00:00 UTC,107.2008
2015-12-17 00:00:00 UTC,50.2898
2015-12-18 00:00:00 UTC,49.6298
2015-12-19 00:00:00 UTC,41.9559
2015-12-20 00:00:00 UTC,18.5621
2015-12-21 00:00:00 UTC,45.143
2015-12-22 00:00:00 UTC,45.0837
2015-12-23 00:00:00 UTC,26.4627
2015-12-24 00:00:00 UTC,43.4725
2015-12-25 00:00:00 UTC,16.8967
2015-12-26 00:00:00 UTC,16.1077
2015-12-27 00:00:00 UTC,10.7486
2015-12-28 00:00:00 UTC,28.2219
2015-12-29 00:00:00 UTC,45.4314
2015-12-30 00:00:00 UTC,61.3804
2015-12-31 00:00:00 UTC,33.4887
2016-01-01 00:00:00 UTC,32.2707
2016-01-02 00:00:00 UTC,28.0881
2016-01-03 00:00:00 UTC,8.3323
2016-01-04 00:00:00 UTC,30.2953
2016-01-05 00:00:00 UTC,26.6308
2016-01-06 00:00:00 UTC,40.486
2016-01-07 00:00:00 UTC,89.5006
2016-01-08 00:00:00 UTC,40.1191
2016-01-09 00:00:00 UTC,39.1711
2016-01-10 00:00:00 UTC,15.4029
2016-01-11 00:00:00 UTC,46.2759
2016-01-12 00:00:00 UTC,36.2227
2016-01-13 00:00:00 UTC,25.863
2016-01-14 00:00:00 UTC,39.2637
2016-01-15 00:00:00 UTC,22.2763
2016-01-16 00:00:00 UTC,18.0673
2016-01-17 00:00:00 UTC,12.7112
2016-01-18 00:00:00 UTC,28.6202
2016-01-19 00:00:00 UTC,50.9922
2016-01-20 00:00:00 UTC,22.8135
2016-01-21 00:00:00 UTC,43.7029
2016-01-22 00:00:00 UTC,42.499
2016-01-23 00:00:00 UTC,15.4663
2016-01-24 00:00:00 UTC,21.5373
2016-01-25 00:00:00 UTC,35.7757
2016-01-26 00:00:00 UTC,37.5774
2016-01-27 00:00:00 UTC,36.7259
2016-01-28 00:00:00 UTC,34.1315
2016-01-29 00:00:00 UTC,31.6141
2016-01-30 00:00:00 UTC,25.7107
2016-01-31 00:00:00 UTC,16.6715
2016-02-01 00:00:00 UTC,43.0483
2016-02-02 00:00:00 UTC,31.1329
2016-02-03 00:00:00 UTC,40.1489
2016-02-04 00:00:00 UTC,37.0571
2016-02-05 00:00:00 UTC,50.6447
2016-02-06 00:00:00 UTC,30.4186
2016-02-07 00:00:00 UTC,17.7335
2016-02-08 00:00:00 UTC,69.1334
2016-02-09 00:00:00 UTC,49.4182
2016-02-10 00:00:00 UTC,44.8127
2016-02-11 00:00:00 UTC,26.1508
2016-02-12 00:00:00 UTC,49.627
2016-02-13 00:00:00 UTC,28.216
2016-02-14 00:00:00 UTC,11.2212
2016-02-15 00:00:00 UTC,31.4944
2016-02-16 00:00:00 UTC,32.8996
2016-02-17 00:00:00 UTC,49.5249
2016-02-18 00:00:00 UTC,27.984
2016-02-19 00:00:00 UTC,26.9879
2016-02-20 00:00:00 UTC,37.7701
2016-02-21 00:00:00 UTC,23.9092
2016-02-22 00:00:00 UTC,44.8099
2016-02-23 00:00:00 UTC,38.0513
2016-02-24 00:00:00 UTC,41.6887
2016-02-25 00:00:00 UTC,35.2426
2016-02-26 00:00:00 UTC,30.2722
2016-02-27 00:00:00 UTC,36.8247
2016-02-28 00:00:00 UTC,19.6188
2016-02-29 00:00:00 UTC,43.2857
2016-03-01 00:00:00 UTC,33.4756
2016-03-02 00:00:00 UTC,31.2364
2016-03-03 00:00:00 UTC,48.6017
2016-03-04 00:00:00 UTC,50.044
2016-03-05 00:00:00 UTC,33.5432
2016-03-06 00:00:00 UTC,18.464
2016-03-07 00:00:00 UTC,17.7124
2016-03-08 00:00:00 UTC,34.6949
2016-03-09 00:00:00 UTC,55.2361
2016-03-10 00:00:00 UTC,126.2214
2016-03-11 00:00:00 UTC,56.2066
2016-03-12 00:00:00 UTC,25.2497
2016-03-13 00:00:00 UTC,16.8914
2016-03-14 00:00:00 UTC,38.9909
2016-03-15 00:00:00 UTC,31.8041
2016-03-16 00:00:00 UTC,40.4083
2016-03-17 00:00:00 UTC,41.5263
2016-03-18 00:00:00 UTC,41.3376
2016-03-19 00:00:00 UTC,29.2157
2016-03-20 00:00:00 UTC,14.9577
2016-03-21 00:00:00 UTC,27.114
2016-03-22 00:00:00 UTC,23.2516
2016-03-23 00:00:00 UTC,48.0728
2016-03-24 00:00:00 UTC,10.0677
2016-03-25 00:00:00 UTC,16.4502
2016-03-26 00:00:00 UTC,17.9719
2016-03-27 00:00:00 UTC,12.5775
2016-03-28 00:00:00 UTC,48.1635
2016-03-29 00:00:00 UTC,18.7104
2016-03-30 00:00:00 UTC,45.8872
2016-03-31 00:00:00 UTC,48.9179
2016-04-01 00:00:00 UTC,26.3602
2016-04-02 00:00:00 UTC,28.5156
2016-04-03 00:00:00 UTC,18.7636
2016-04-04 00:00:00 UTC,31.4402
2016-04-05 00:00:00 UTC,31.2832
2016-04-06 00:00:00 UTC,55.7472
2016-04-07 00:00:00 UTC,28.2112
2016-04-08 00:00:00 UTC,32.2798
2016-04-09 00:00:00 UTC,13.9839
2016-04-10 00:00:00 UTC,7.1079
2016-04-11 00:00:00 UTC,28.8344
2016-04-12 00:00:00 UTC,37.4528
2016-04-13 00:00:00 UTC,37.6721
2016-04-14 00:00:00 UTC,29.5831
2016-04-15 00:00:00 UTC,23.3168
2016-04-16 00:00:00 UTC,31.2867
2016-04-17 00:00:00 UTC,17.9327
2016-04-18 00:00:00 UTC,18.6161
2016-04-19 00:00:00 UTC,27.2073
2016-04-20 00:00:00 UTC,36.1345
2016-04-21 00:00:00 UTC,43.1674
2016-04-22 00:00:00 UTC,49.9605
2016-04-23 00:00:00 UTC,15.6587
2016-04-24 00:00:00 UTC,19.895
2016-04-25 00:00:00 UTC,88.5053
2016-04-26 00:00:00 UTC,77.3277
2016-04-27 00:00:00 UTC,57.6829
2016-04-28 00:00:00 UTC,62.9111
2016-04-29 00:00:00 UTC,66.9349
2016-04-30 00:00:00 UTC,58.9523
2016-05-01 00:00:00 UTC,21.8128
2016-05-02 00:00:00 UTC,33.9249
2016-05-03 00:00:00 UTC,93.9816
2016-05-04 00:00:00 UTC,51.6747
2016-05-05 00:00:00 UTC,51.3701
2016-05-06 00:00:00 UTC,71.783
2016-05-07 00:00:00 UTC,33.657
2016-05-08 00:00:00 UTC,16.6594
2016-05-09 00:00:00 UTC,49.4593
2016-05-10 00:00:00 UTC,92.8738
2016-05-11 00:00:00 UTC,77.6351
2016-05-12 00:00:00 UTC,40.7406
2016-05-13 00:00:00 UTC,51.8542
2016-05-14 00:00:00 UTC,26.9538
2016-05-15 00:00:00 UTC,16.1788
2016-05-16 00:00:00 UTC,36.7949
2016-05-17 00:00:00 UTC,40.6116
2016-05-18 00:00:00 UTC,66.7341
2016-05-19 00:00:00 UTC,53.2109
2016-05-20 00:00:00 UTC,35.0568
2016-05-21 00:00:00 UTC,31.7096
2016-05-22 00:00:00 UTC,14.2939
2016-05-23 00:00:00 UTC,44.4748
2016-05-24 00:00:00 UTC,48.0112
2016-05-25 00:00:00 UTC,37.2525
2016-05-26 00:00:00 UTC,40.3999
2016-05-27 00:00:00 UTC,80.0167
2016-05-28 00:00:00 UTC,79.4994
2016-05-29 00:00:00 UTC,41.0974
2016-05-30 00:00:00 UTC,62.515
2016-05-31 00:00:00 UTC,43.5127
2016-06-01 00:00:00 UTC,29.8096
2016-06-02 00:00:00 UTC,46.7781
2016-06-03 00:00:00 UTC,47.4984
2016-06-04 00:00:00 UTC,46.724
2016-06-05 00:00:00 UTC,30.9517
2016-06-06 00:00:00 UTC,31.0746
2016-06-07 00:00:00 UTC,20.9393
2016-06-08 00:00:00 UTC,30.7024
2016-06-09 00:00:00 UTC,34.1082
2016-06-10 00:00:00 UTC,22.9365
2016-06-11 00:00:00 UTC,26.3909
2016-06-12 00:00:00 UTC,33.8203
2016-06-13 00:00:00 UTC,51.9458
2016-06-14 00:00:00 UTC,33.4544
2016-06-15 00:00:00 UTC,97.9577
2016-06-16 00:00:00 UTC,30.9331
2016-06-17 00:00:00 UTC,62.7038
2016-06-18 00:00:00 UTC,44.7657
2016-06-19 00:00:00 UTC,9.8147
2016-06-20 00:00:00 UTC,43.8263
2016-06-21 00:00:00 UTC,46.9532
2016-06-22 00:00:00 UTC,50.172
2016-06-23 00:00:00 UTC,34.5887
2016-06-24 00:00:00 UTC,45.6542
2016-06-25 00:00:00 UTC,36.6792
2016-06-26 00:00:00 UTC,21.1783
2016-06-27 00:00:00 UTC,40.5944
2016-06-28 00:00:00 UTC,35.4239
2016-06-29 00:00:00 UTC,40.5575
2016-06-30 00:00:00 UTC,39.1717
2016-07-01 00:00:00 UTC,37.5429
2016-07-02 00:00:00 UTC,32.5245
2016-07-03 00:00:00 UTC,15.6431
2016-07-04 00:00:00 UTC,31.6269
2016-07-05 00:00:00 UTC,24.6546
2016-07-06 00:00:00 UTC,36.4205
2016-07-07 00:00:00 UTC,40.8487
2016-07-08 00:00:00 UTC,40.3908
2016-07-09 00:00:00 UTC,40.5804
2016-07-10 00:00:00 UTC,17.3381
2016-07-11 00:00:00 UTC,29.1129
2016-07-12 00:00:00 UTC,36.2074
2016-07-13 00:00:00 UTC,27.044
2016-07-14 00:00:00 UTC,27.2113
2016-07-15 00:00:00 UTC,35.346
2016-07-16 00:00:00 UTC,26.5551
2016-07-17 00:00:00 UTC,21.7651
2016-07-18 00:00:00 UTC,27.9435
2016-07-19 00:00:00 UTC,20.8609
2016-07-20 00:00:00 UTC,30.5104
2016-07-21 00:00:00 UTC,39.6995
2016-07-22 00:00:00 UTC,24.7771
2016-07-23 00:00:00 UTC,23.3824
2016-07-24 00:00:00 UTC,17.3702
2016-07-25 00:00:00 UTC,43.4995
2016-07-26 00:00:00 UTC,62.0215
2016-07-27 00:00:00 UTC,28.5993
2016-07-28 00:00:00 UTC,28.3892
2016-07-29 00:00:00 UTC,42.1041
2016-07-30 00:00:00 UTC,21.0617
2016-07-31 00:00:00 UTC,15.2744
2016-08-01 00:00:00 UTC,41.3461
2016-08-02 00:00:00 UTC,30.222
2016-08-03 00:00:00 UTC,39.1099
2016-08-04 00:00:00 UTC,35.5143
2016-08-05 00:00:00 UTC,33.892
2016-08-06 00:00:00 UTC,36.7479
2016-08-07 00:00:00 UTC,26.5326
2016-08-08 00:00:00 UTC,40.7554
2016-08-09 00:00:00 UTC,37.5938
2016-08-10 00:00:00 UTC,31.1137
2016-08-11 00:00:00 UTC,55.9664
2016-08-12 00:00:00 UTC,35.7025
2016-08-13 00:00:00 UTC,29.5401
2016-08-14 00:00:00 UTC,16.3751
2016-08-15 00:00:00 UTC,17.4214
2016-08-16 00:00:00 UTC,34.0629
2016-08-17 00:00:00 UTC,43.3034
2016-08-18 00:00:00 UTC,36.5124
2016-08-19 00:00:00 UTC,42.2956
2016-08-20 00:00:00 UTC,39.6938
2016-08-21 00:00:00 UTC,14.0902
2016-08-22 00:00:00 UTC,50.6511
2016-08-23 00:00:00 UTC,36.488
2016-08-24 00:00:00 UTC,27.5868
2016-08-25 00:00:00 UTC,55.6782
2016-08-26 00:00:00 UTC,48.79
2016-08-27 00:00:00 UTC,28.2769
2016-08-28 00:00:00 UTC,30.0573
2016-08-29 00:00:00 UTC,36.0308
2016-08-30 00:00:00 UTC,37.5114
2016-08-31 00:00:00 UTC,41.0957
2016-09-01 00:00:00 UTC,55.1899
2016-09-02 00:00:00 UTC,45.9509
2016-09-03 00:00:00 UTC,43.4413
2016-09-04 00:00:00 UTC,33.0475
2016-09-05 00:00:00 UTC,21.6654
2016-09-06 00:00:00 UTC,48.184
2016-09-07 00:00:00 UTC,62.751
2016-09-08 00:00:00 UTC,46.9279
2016-09-09 00:00:00 UTC,42.4601
2016-09-10 00:00:00 UTC,37.2943
2016-09-11 00:00:00 UTC,30.2299
2016-09-12 00:00:00 UTC,37.0422
2016-09-13 00:00:00 UTC,22.2491
2016-09-14 00:00:00 UTC,51.2684
2016-09-15 00:00:00 UTC,53.8239
2016-09-16 00:00:00 UTC,46.479
2016-09-17 00:00:00 UTC,65.1525
2016-09-18 00:00:00 UTC,26.2405
2016-09-19 00:00:00 UTC,39.6948
2016-09-20 00:00:00 UTC,54.1044
2016-09-21 00:00:00 UTC,34.4358
2016-09-22 00:00:00 UTC,93.7775
2016-09-23 00:00:00 UTC,42.1436
2016-09-24 00:00:00 UTC,29.4538
2016-09-25 00:00:00 UTC,19.8032
2016-09-26 00:00:00 UTC,49.8197
2016-09-27 00:00:00 UTC,58.574
2016-09-28 00:00:00 UTC,52.0784
2016-09-29 00:00:00 UTC,34.8259
2016-09-30 00:00:00 UTC,26.1015
2016-10-01 00:00:00 UTC,38.0427
2016-10-02 00:00:00 UTC,33.0307
2016-10-03 00:00:00 UTC,36.779
2016-10-04 00:00:00 UTC,68.7611
2016-10-05 00:00:00 UTC,77.2811
2016-10-06 00:00:00 UTC,39.213
2016-10-07 00:00:00 UTC,30.1913
2016-10-08 00:00:00 UTC,38.9561
2016-10-09 00:00:00 UTC,26.6233
2016-10-10 00:00:00 UTC,24.4942
2016-10-11 00:00:00 UTC,42.7257
2016-10-12 00:00:00 UTC,38.1916
2016-10-13 00:00:00 UTC,40.6503
2016-10-14 00:00:00 UTC,47.906
2016-10-15 00:00:00 UTC,48.6083
2016-10-16 00:00:00 UTC,29.937
2016-10-17 00:00:00 UTC,35.1047
2016-10-18 00:00:00 UTC,29.5051
2016-10-19 00:00:00 UTC,29.1928
2016-10-20 00:00:00 UTC,40.9723
2016-10-21 00:00:00 UTC,46.7283
2016-10-22 00:00:00 UTC,31.9451
2016-10-23 00:00:00 UTC,36.0118
2016-10-24 00:00:00 UTC,26.5105
2016-10-25 00:00:00 UTC,33.6264
2016-10-26 00:00:00 UTC,44.4944
2016-10-27 00:00:00 UTC,54.2453
2016-10-28 00:00:00 UTC,30.4588
2016-10-29 00:00:00 UTC,49.8025
2016-10-30 00:00:00 UTC,19.1251
2016-10-31 00:00:00 UTC,31.3346
2016-11-01 00:00:00 UTC,47.1023
2016-11-02 00:00:00 UTC,38.8132
2016-11-03 00:00:00 UTC,45.8584
2016-11-04 00:00:00 UTC,40.9551
2016-11-05 00:00:00 UTC,44.6789
2016-11-06 00:00:00 UTC,18.5595
2016-11-07 00:00:00 UTC,33.5632
2016-11-08 00:00:00 UTC,37.8504
2016-11-09 00:00:00 UTC,25.1956
2016-11-10 00:00:00 UTC,23.2557
2016-11-11 00:00:00 UTC,29.2128
2016-11-12 00:00:00 UTC,38.0883
2016-11-13 00:00:00 UTC,17.4413
2016-11-14 00:00:00 UTC,25.0437
2016-11-15 00:00:00 UTC,46.6396
2016-11-16 00:00:00 UTC,49.9704
2016-11-17 00:00:00 UTC,57.0366
2016-11-18 00:00:00 UTC,48.3456
2016-11-19 00:00:00 UTC,24.9146
2016-11-20 00:00:00 UTC,28.2632
2016-11-21 00:00:00 UTC,62.2972
2016-11-22 00:00:00 UTC,47.3171
2016-11-23 00:00:00 UTC,60.4102
2016-11-24 00:00:00 UTC,65.395
2016-11-25 00:00:00 UTC,74.4408
2016-11-26 00:00:00 UTC,88.8183
2016-11-27 00:00:00 UTC,36.5269
2016-11-28 00:00:00 UTC,47.2799
2016-11-29 00:00:00 UTC,63.8406
2016-11-30 00:00:00 UTC,60.6459
2016-12-01 00:00:00 UTC,43.8604
2016-12-02 00:00:00 UTC,56.7699
2016-12-03 00:00:00 UTC,41.3603
2016-12-04 00:00:00 UTC,31.7466
2016-12-05 00:00:00 UTC,34.2123
2016-12-06 00:00:00 UTC,42.6412
2016-12-07 00:00:00 UTC,33.8729
2016-12-08 00:00:00 UTC,34.4867
2016-12-09 00:00:00 UTC,49.2275
2016-12-10 00:00:00 UTC,23.1103
2016-12-11 00:00:00 UTC,17.3841
2016-12-12 00:00:00 UTC,51.3843
2016-12-13 00:00:00 UTC,39.9527
2016-12-14 00:00:00 UTC,33.1021
2016-12-15 00:00:00 UTC,25.3969
2016-12-16 00:00:00 UTC,42.379
2016-12-17 00:00:00 UTC,31.2357
2016-12-18 00:00:00 UTC,25.4606
2016-12-19 00:00:00 UTC,40.1361
2016-12-20 00:00:00 UTC,31.7278
2016-12-21 00:00:00 UTC,51.2708
2016-12-22 00:00:00 UTC,48.5053
2016-12-23 00:00:00 UTC,42.6672
2016-12-24 00:00:00 UTC,44.8533
2016-12-25 00:00:00 UTC,12.774
2016-12-26 00:00:00 UTC,32.3229
2016-12-27 00:00:00 UTC,50.0954
2016-12-28 00:00:00 UTC,56.1372
2016-12-29 00:00:00 UTC,45.707
2016-12-30 00:00:00 UTC,29.84
2016-12-31 00:00:00 UTC,16.6998
2017-01-01 00:00:00 UTC,26.1036
2017-01-02 00:00:00 UTC,50.6124
2017-01-03 00:00:00 UTC,38.1678
2017-01-04 00:00:00 UTC,47.3253
2017-01-05 00:00:00 UTC,46.1202
2017-01-06 00:00:00 UTC,61.4837
2017-01-07 00:00:00 UTC,90.4986
2017-01-08 00:00:00 UTC,29.2578
2017-01-09 00:00:00 UTC,51.181
2017-01-10 00:00:00 UTC,32.7201
2017-01-11 00:00:00 UTC,84.9402
2017-01-12 00:00:00 UTC,88.0674
2017-01-13 00:00:00 UTC,80.6445
2017-01-14 00:00:00 UTC,19.1807
2017-01-15 00:00:00 UTC,18.6092
2017-01-16 00:00:00 UTC,63.0263
2017-01-17 00:00:00 UTC,62.4706
2017-01-18 00:00:00 UTC,61.6659
2017-01-19 00:00:00 UTC,52.228
2017-01-20 00:00:00 UTC,60.7556
2017-01-21 00:00:00 UTC,48.4236
2017-01-22 00:00:00 UTC,25.051
2017-01-23 00:00:00 UTC,29.6586
2017-01-24 00:00:00 UTC,40.7931
2017-01-25 00:00:00 UTC,45.0535
2017-01-26 00:00:00 UTC,26.1458
2017-01-27 00:00:00 UTC,41.5356
2017-01-28 00:00:00 UTC,28.7869
2017-01-29 00:00:00 UTC,19.61
2017-01-30 00:00:00 UTC,47.2381
2017-01-31 00:00:00 UTC,31.507
2017-02-01 00:00:00 UTC,48.0487
2017-02-02 00:00:00 UTC,46.098
2017-02-03 00:00:00 UTC,39.5668
2017-02-04 00:00:00 UTC,37.8373
2017-02-05 00:00:00 UTC,45.1714
2017-02-06 00:00:00 UTC,35.056
2017-02-07 00:00:00 UTC,30.4893
2017-02-08 00:00:00 UTC,38.5695
2017-02-09 00:00:00 UTC,33.7459
2017-02-10 00:00:00 UTC,37.2298
2017-02-11 00:00:00 UTC,22.648
2017-02-12 00:00:00 UTC,18.7959
2017-02-13 00:00:00 UTC,36.6521
2017-02-14 00:00:00 UTC,34.4213
2017-02-15 00:00:00 UTC,30.6356
2017-02-16 00:00:00 UTC,22.807
2017-02-17 00:00:00 UTC,34.1547
2017-02-18 00:00:00 UTC,35.1873
2017-02-19 00:00:00 UTC,31.1149
2017-02-20 00:00:00 UTC,50.4329
2017-02-21 00:00:00 UTC,41.9438
2017-02-22 00:00:00 UTC,30.3334
2017-02-23 00:00:00 UTC,40.9537
2017-02-24 00:00:00 UTC,48.3011
2017-02-25 00:00:00 UTC,32.4095
2017-02-26 00:00:00 UTC,18.2672
2017-02-27 00:00:00 UTC,39.5723
2017-02-28 00:00:00 UTC,37.2227
2017-03-01 00:00:00 UTC,34.0135
2017-03-02 00:00:00 UTC,100.1892
2017-03-03 00:00:00 UTC,63.9243
2017-03-04 00:00:00 UTC,32.1683
2017-03-05 00:00:00 UTC,22.9365
2017-03-06 00:00:00 UTC,36.1033
2017-03-07 00:00:00 UTC,27.0773
2017-03-08 00:00:00 UTC,39.4023
2017-03-09 00:00:00 UTC,41.7052
2017-03-10 00:00:00 UTC,29.5981
2017-03-11 00:00:00 UTC,18.7456
2017-03-12 00:00:00 UTC,19.1578
2017-03-13 00:00:00 UTC,24.1244
2017-03-14 00:00:00 UTC,45.5972
2017-03-15 00:00:00 UTC,28.62403727
2017-03-16 00:00:00 UTC,30.39977324
2017-03-17 00:00:00 UTC,35.42988591
2017-03-18 00:00:00 UTC,45.2236708
2017-03-19 00:00:00 UTC,18.42902321
2017-03-20 00:00:00 UTC,34.61898309
2017-03-21 00:00:00 UTC,85.82099974
2017-03-22 00:00:00 UTC,55.82529686
2017-03-23 00:00:00 UTC,56.17407662
2017-03-24 00:00:00 UTC,44.40535582
2017-03-25 00:00:00 UTC,48.29844425
2017-03-26 00:00:00 UTC,17.29332554
2017-03-27 00:00:00 UTC,29.52508774
2017-03-28 00:00:00 UTC,53.87889068
2017-03-29 00:00:00 UTC,29.5242698
2017-03-30 00:00:00 UTC,28.83306519
2017-03-31 00:00:00 UTC,50.18470284
2017-04-01 00:00:00 UTC,30.29925487
2017-04-02 00:00:00 UTC,23.38445388
2017-04-03 00:00:00 UTC,63.97618735
2017-04-04 00:00:00 UTC,43.39006172
2017-04-05 00:00:00 UTC,37.48949249
2017-04-06 00:00:00 UTC,29.40841885
2017-04-07 00:00:00 UTC,23.82250785
2017-04-08 00:00:00 UTC,31.65446948
2017-04-09 00:00:00 UTC,17.58079814
2017-04-10 00:00:00 UTC,60.2239661
2017-04-11 00:00:00 UTC,51.41471862
2017-04-12 00:00:00 UTC,39.47196471
2017-04-13 00:00:00 UTC,37.95149401
2017-04-14 00:00:00 UTC,26.2798394
2017-04-15 00:00:00 UTC,32.87630398
2017-04-16 00:00:00 UTC,14.27201068
2017-04-17 00:00:00 UTC,28.53496067
2017-04-18 00:00:00 UTC,49.45094703
2017-04-19 00:00:00 UTC,31.53624601
2017-04-20 00:00:00 UTC,28.92557612
2017-04-21 00:00:00 UTC,29.54640442
2017-04-22 00:00:00 UTC,22.64677023
2017-04-23 00:00:00 UTC,12.89657755
2017-04-24 00:00:00 UTC,29.91316562
2017-04-25 00:00:00 UTC,33.97384824
2017-04-26 00:00:00 UTC,33.83120488
2017-04-27 00:00:00 UTC,33.63049343
2017-04-28 00:00:00 UTC,49.50331887
2017-04-29 00:00:00 UTC,36.55700927
2017-04-30 00:00:00 UTC,16.06587639
2017-05-01 00:00:00 UTC,28.08373812
2017-05-02 00:00:00 UTC,43.0806803
2017-05-03 00:00:00 UTC,37.29243391
2017-05-04 00:00:00 UTC,49.05898436
2017-05-05 00:00:00 UTC,42.65271662
2017-05-06 00:00:00 UTC,40.82846766
2017-05-07 00:00:00 UTC,24.65447402
2017-05-08 00:00:00 UTC,36.81400372
2017-05-09 00:00:00 UTC,50.21097783
2017-05-10 00:00:00 UTC,30.8338954
2017-05-11 00:00:00 UTC,45.50202672
2017-05-12 00:00:00 UTC,28.17440979
2017-05-13 00:00:00 UTC,28.63480567
2017-05-14 00:00:00 UTC,13.64892751
2017-05-15 00:00:00 UTC,27.43238565
2017-05-16 00:00:00 UTC,30.39857139
2017-05-17 00:00:00 UTC,26.594889
2017-05-18 00:00:00 UTC,46.60532355
2017-05-19 00:00:00 UTC,35.44385363
2017-05-20 00:00:00 UTC,42.18310581
2017-05-21 00:00:00 UTC,24.820126
2017-05-22 00:00:00 UTC,44.41218476
2017-05-23 00:00:00 UTC,41.33675519
2017-05-24 00:00:00 UTC,54.87785932
2017-05-25 00:00:00 UTC,78.52463311
2017-05-26 00:00:00 UTC,43.05127699
2017-05-27 00:00:00 UTC,37.46192682
2017-05-28 00:00:00 UTC,20.31238955
2017-05-29 00:00:00 UTC,38.89446861
2017-05-30 00:00:00 UTC,28.00452219
2017-05-31 00:00:00 UTC,60.5559063
2017-06-01 00:00:00 UTC,33.73667814
2017-06-02 00:00:00 UTC,31.45211112
2017-06-03 00:00:00 UTC,39.30013392
2017-06-04 00:00:00 UTC,15.21501035
2017-06-05 00:00:00 UTC,40.32300853
2017-06-06 00:00:00 UTC,51.43265841
2017-06-07 00:00:00 UTC,29.10319387
2017-06-08 00:00:00 UTC,37.72349149
2017-06-09 00:00:00 UTC,28.23980395
2017-06-10 00:00:00 UTC,16.32589373
2017-06-11 00:00:00 UTC,18.92848068
2017-06-12 00:00:00 UTC,43.0449416
2017-06-13 00:00:00 UTC,29.86586495
2017-06-14 00:00:00 UTC,24.4574164
2017-06-15 00:00:00 UTC,56.07669965
2017-06-16 00:00:00 UTC,26.66888883
2017-06-17 00:00:00 UTC,27.91531978
2017-06-18 00:00:00 UTC,17.40021411
2017-06-19 00:00:00 UTC,38.8760317
2017-06-20 00:00:00 UTC,40.14471494
2017-06-21 00:00:00 UTC,32.13962341
2017-06-22 00:00:00 UTC,22.09315194
2017-06-23 00:00:00 UTC,20.65854147
2017-06-24 00:00:00 UTC,22.22862462
2017-06-25 00:00:00 UTC,14.18170664
2017-06-26 00:00:00 UTC,26.8199037
2017-06-27 00:00:00 UTC,29.52759961
2017-06-28 00:00:00 UTC,24.31966388
2017-06-29 00:00:00 UTC,27.2431505
2017-06-30 00:00:00 UTC,28.22019484
2017-07-01 00:00:00 UTC,27.2949067
2017-07-02 00:00:00 UTC,18.99518854
2017-07-03 00:00:00 UTC,28.97643455
2017-07-04 00:00:00 UTC,14.89515814
2017-07-05 00:00:00 UTC,21.26972602
2017-07-06 00:00:00 UTC,29.48587893
2017-07-07 00:00:00 UTC,20.56803514
2017-07-08 00:00:00 UTC,18.03823144
2017-07-09 00:00:00 UTC,8.63316778
2017-07-10 00:00:00 UTC,16.15532649
2017-07-11 00:00:00 UTC,29.72499724
2017-07-12 00:00:00 UTC,24.4529929
2017-07-13 00:00:00 UTC,20.30453702
2017-07-14 00:00:00 UTC,25.98627125
2017-07-15 00:00:00 UTC,61.48219926
2017-07-16 00:00:00 UTC,16.49230807
2017-07-17 00:00:00 UTC,37.15137872
2017-07-18 00:00:00 UTC,46.72610706
2017-07-19 00:00:00 UTC,26.49869977
2017-07-20 00:00:00 UTC,35.61397916
2017-07-21 00:00:00 UTC,25.16147337
2017-07-22 00:00:00 UTC,15.70180178
2017-07-23 00:00:00 UTC,12.58832179
2017-07-24 00:00:00 UTC,18.4641853
2017-07-25 00:00:00 UTC,24.23634344
2017-07-26 00:00:00 UTC,18.5851531
2017-07-27 00:00:00 UTC,20.93033955
2017-07-28 00:00:00 UTC,36.22989581
2017-07-29 00:00:00 UTC,30.02927781
2017-07-30 00:00:00 UTC,21.29547374
2017-07-31 00:00:00 UTC,30.51390609
2017-08-01 00:00:00 UTC,20.53623361
2017-08-02 00:00:00 UTC,17.20558425
2017-08-03 00:00:00 UTC,22.6783471
2017-08-04 00:00:00 UTC,25.97811162
2017-08-05 00:00:00 UTC,34.71190009
2017-08-06 00:00:00 UTC,35.19229802
2017-08-07 00:00:00 UTC,19.29861193
2017-08-08 00:00:00 UTC,36.22614016
2017-08-09 00:00:00 UTC,22.85184491
2017-08-10 00:00:00 UTC,23.55975055
2017-08-11 00:00:00 UTC,35.99014911
2017-08-12 00:00:00 UTC,21.96388413
2017-08-13 00:00:00 UTC,27.61144273
2017-08-14 00:00:00 UTC,15.98431297
2017-08-15 00:00:00 UTC,19.51359789
2017-08-16 00:00:00 UTC,13.46745913
2017-08-17 00:00:00 UTC,19.77780324
2017-08-18 00:00:00 UTC,28.55537466
2017-08-19 00:00:00 UTC,17.44041943
2017-08-20 00:00:00 UTC,7.6970131
2017-08-21 00:00:00 UTC,13.80553304
2017-08-22 00:00:00 UTC,22.79203061
2017-08-23 00:00:00 UTC,17.82964657
2017-08-24 00:00:00 UTC,17.78139628
2017-08-25 00:00:00 UTC,15.57466018
2017-08-26 00:00:00 UTC,9.94034506
2017-08-27 00:00:00 UTC,9.68915678
2017-08-28 00:00:00 UTC,21.32444291
2017-08-29 00:00:00 UTC,24.59244427
2017-08-30 00:00:00 UTC,33.86073625
2017-08-31 00:00:00 UTC,21.8148834
2017-09-01 00:00:00 UTC,26.15158585
2017-09-02 00:00:00 UTC,19.27992637
2017-09-03 00:00:00 UTC,14.85588243
2017-09-04 00:00:00 UTC,41.0580552
2017-09-05 00:00:00 UTC,35.16782577
2017-09-06 00:00:00 UTC,31.7578827
2017-09-07 00:00:00 UTC,24.56952753
2017-09-08 00:00:00 UTC,37.13891887
2017-09-09 00:00:00 UTC,27.31127577
2017-09-10 00:00:00 UTC,12.83312332
2017-09-11 00:00:00 UTC,34.58868477
2017-09-12 00:00:00 UTC,38.33969373
2017-09-13 00:00:00 UTC,57.77641553
2017-09-14 00:00:00 UTC,39.7329431
2017-09-15 00:00:00 UTC,47.67402935
2017-09-16 00:00:00 UTC,28.19272098
2017-09-17 00:00:00 UTC,19.22713165
2017-09-18 00:00:00 UTC,35.99207562
2017-09-19 00:00:00 UTC,22.90426833
2017-09-20 00:00:00 UTC,23.66610593
2017-09-21 00:00:00 UTC,26.09489314
2017-09-22 00:00:00 UTC,29.47513371
2017-09-23 00:00:00 UTC,32.55619148
2017-09-24 00:00:00 UTC,13.85648484
2017-09-25 00:00:00 UTC,26.62403301
2017-09-26 00:00:00 UTC,19.22999228
2017-09-27 00:00:00 UTC,28.33382617
2017-09-28 00:00:00 UTC,21.52382807
2017-09-29 00:00:00 UTC,17.13747259
2017-09-30 00:00:00 UTC,18.8168118
2017-10-01 00:00:00 UTC,12.51927963
2017-10-02 00:00:00 UTC,28.47527907
2017-10-03 00:00:00 UTC,28.74116613
2017-10-04 00:00:00 UTC,24.15035679
2017-10-05 00:00:00 UTC,23.26877615
2017-10-06 00:00:00 UTC,22.98619244
2017-10-07 00:00:00 UTC,21.91248431
2017-10-08 00:00:00 UTC,20.04251894
2017-10-09 00:00:00 UTC,32.06163767
2017-10-10 00:00:00 UTC,41.77765016
2017-10-11 00:00:00 UTC,21.54393315
2017-10-12 00:00:00 UTC,33.43436212
2017-10-13 00:00:00 UTC,25.24658625
2017-10-14 00:00:00 UTC,19.84664813
2017-10-15 00:00:00 UTC,25.69125954
2017-10-16 00:00:00 UTC,24.85751367
2017-10-17 00:00:00 UTC,21.36825979
2017-10-18 00:00:00 UTC,34.25083172
2017-10-19 00:00:00 UTC,14.33960025
2017-10-20 00:00:00 UTC,16.46185067
2017-10-21 00:00:00 UTC,16.88693476
2017-10-22 00:00:00 UTC,11.5306323
2017-10-23 00:00:00 UTC,20.03617252
2017-10-24 00:00:00 UTC,16.91144284
2017-10-25 00:00:00 UTC,16.91935358
2017-10-26 00:00:00 UTC,14.301822
2017-10-27 00:00:00 UTC,16.71996855
2017-10-28 00:00:00 UTC,12.18375026
2017-10-29 00:00:00 UTC,12.3082323
2017-10-30 00:00:00 UTC,25.23612153
2017-10-31 00:00:00 UTC,17.53196198
2017-11-01 00:00:00 UTC,39.01881296
2017-11-02 00:00:00 UTC,27.29628406
2017-11-03 00:00:00 UTC,19.61313455
2017-11-04 00:00:00 UTC,13.43774112
2017-11-05 00:00:00 UTC,8.64071082
2017-11-06 00:00:00 UTC,11.47645973
2017-11-07 00:00:00 UTC,13.06229562
2017-11-08 00:00:00 UTC,16.87392871
2017-11-09 00:00:00 UTC,12.93114668
2017-11-10 00:00:00 UTC,17.98553999
2017-11-11 00:00:00 UTC,16.29246738
2017-11-12 00:00:00 UTC,15.16712269
2017-11-13 00:00:00 UTC,15.04143637
2017-11-14 00:00:00 UTC,14.71766873
2017-11-15 00:00:00 UTC,15.55487353
2017-11-16 00:00:00 UTC,16.2219109
2017-11-17 00:00:00 UTC,22.15455777
2017-11-18 00:00:00 UTC,13.55302754
2017-11-19 00:00:00 UTC,13.26139544
2017-11-20 00:00:00 UTC,18.54575363
2017-11-21 00:00:00 UTC,14.94503829
2017-11-22 00:00:00 UTC,15.86556561
2017-11-23 00:00:00 UTC,12.62615919
2017-11-24 00:00:00 UTC,11.50325576
2017-11-25 00:00:00 UTC,13.38958012
2017-11-26 00:00:00 UTC,13.71753852
2017-11-27 00:00:00 UTC,17.98661459
2017-11-28 00:00:00 UTC,37.73502828
2017-11-29 00:00:00 UTC,42.52598544
2017-11-30 00:00:00 UTC,27.81402393
2017-12-01 00:00:00 UTC,26.47293186
2017-12-02 00:00:00 UTC,17.0334015
2017-12-03 00:00:00 UTC,15.77950483
2017-12-04 00:00:00 UTC,15.76378807
2017-12-05 00:00:00 UTC,25.93487379
2017-12-06 00:00:00 UTC,16.93554737
2017-12-07 00:00:00 UTC,17.07576575
2017-12-08 00:00:00 UTC,11.87141676
2017-12-09 00:00:00 UTC,8.94584115
2017-12-10 00:00:00 UTC,14.16880563
2017-12-11 00:00:00 UTC,18.3268825
2017-12-12 00:00:00 UTC,19.66607287
2017-12-13 00:00:00 UTC,23.75743635
2017-12-14 00:00:00 UTC,30.73861651
2017-12-15 00:00:00 UTC,36.33934645
2017-12-16 00:00:00 UTC,28.4079395
2017-12-17 00:00:00 UTC,10.09518576
2017-12-18 00:00:00 UTC,24.69664229
2017-12-19 00:00:00 UTC,12.3321694
2017-12-20 00:00:00 UTC,17.47071117
2017-12-21 00:00:00 UTC,10.95637632
2017-12-22 00:00:00 UTC,15.46111955
2017-12-23 00:00:00 UTC,10.24060696
2017-12-24 00:00:00 UTC,5.93266659
2017-12-25 00:00:00 UTC,10.45044312
2017-12-26 00:00:00 UTC,25.49335009
2017-12-27 00:00:00 UTC,14.53541259
2017-12-28 00:00:00 UTC,22.53062993
2017-12-29 00:00:00 UTC,12.51440072
2017-12-30 00:00:00 UTC,17.92139122
2017-12-31 00:00:00 UTC,8.69464394
2018-01-01 00:00:00 UTC,11.47704154
2018-01-02 00:00:00 UTC,14.88043615
2018-01-03 00:00:00 UTC,12.34756209
2018-01-04 00:00:00 UTC,15.57840478
2018-01-05 00:00:00 UTC,15.98034532
2018-01-06 00:00:00 UTC,16.66341653
2018-01-07 00:00:00 UTC,9.27729177
2018-01-08 00:00:00 UTC,13.89727892
2018-01-09 00:00:00 UTC,16.98843681
2018-01-10 00:00:00 UTC,12.34698906
2018-01-11 00:00:00 UTC,15.24943573
2018-01-12 00:00:00 UTC,13.27161498
2018-01-13 00:00:00 UTC,14.81536055
2018-01-14 00:00:00 UTC,7.46376685
2018-01-15 00:00:00 UTC,14.76102265
2018-01-16 00:00:00 UTC,16.1255427
2018-01-17 00:00:00 UTC,22.78983751
2018-01-18 00:00:00 UTC,18.29309687
2018-01-19 00:00:00 UTC,15.71501715
2018-01-20 00:00:00 UTC,14.38563257
2018-01-21 00:00:00 UTC,12.43457723
2018-01-22 00:00:00 UTC,14.33745153
2018-01-23 00:00:00 UTC,12.23141157
2018-01-24 00:00:00 UTC,12.00669454
2018-01-25 00:00:00 UTC,18.50916294
2018-01-26 00:00:00 UTC,11.01392118
2018-01-27 00:00:00 UTC,7.52946682
2018-01-28 00:00:00 UTC,10.45154082
2018-01-29 00:00:00 UTC,13.7961303
2018-01-30 00:00:00 UTC,14.71514458
2018-01-31 00:00:00 UTC,19.45059245
2018-02-01 00:00:00 UTC,21.48576374
2018-02-02 00:00:00 UTC,25.63024988
2018-02-03 00:00:00 UTC,17.51858187
2018-02-04 00:00:00 UTC,11.81458668
2018-02-05 00:00:00 UTC,23.43992417
2018-02-06 00:00:00 UTC,40.55045936
2018-02-07 00:00:00 UTC,22.13552599
2018-02-08 00:00:00 UTC,29.56289165
2018-02-09 00:00:00 UTC,18.51092934
2018-02-10 00:00:00 UTC,10.59755424
2018-02-11 00:00:00 UTC,8.44587968
2018-02-12 00:00:00 UTC,14.72720538
2018-02-13 00:00:00 UTC,14.81612731
2018-02-14 00:00:00 UTC,14.93091929
2018-02-15 00:00:00 UTC,18.29445237
2018-02-16 00:00:00 UTC,14.4974779
2018-02-17 00:00:00 UTC,12.21230357
2018-02-18 00:00:00 UTC,9.03905861
2018-02-19 00:00:00 UTC,17.8344864
2018-02-20 00:00:00 UTC,18.14175194
2018-02-21 00:00:00 UTC,9.54347093
