Time,anxbtc,itbit,localbitcoins,mtgox
2011-09-18 00:00:00 UTC,,,,0.212
2011-09-30 00:00:00 UTC,,,,0.02
2011-10-06 00:00:00 UTC,,,,0.0203
2011-10-09 00:00:00 UTC,,,,0.1
2011-10-13 00:00:00 UTC,,,,0.1
2011-10-15 00:00:00 UTC,,,,0.34153018
2011-10-17 00:00:00 UTC,,,,50.0
2011-10-18 00:00:00 UTC,,,,0.14973024
2011-11-14 00:00:00 UTC,,,,610.0
2011-12-05 00:00:00 UTC,,,,0.00071428
2012-01-08 00:00:00 UTC,,,,0.5
2012-01-16 00:00:00 UTC,,,,6.86218193
2012-01-24 00:00:00 UTC,,,,45.01551967
2012-02-23 00:00:00 UTC,,,,3.0
2012-02-29 00:00:00 UTC,,,,0.71459953
2012-03-04 00:00:00 UTC,,,,2.85159183
2012-03-16 00:00:00 UTC,,,,0.03510177
2012-03-25 00:00:00 UTC,,,,859.1372
2012-04-20 00:00:00 UTC,,,,0.03
2012-04-28 00:00:00 UTC,,,,0.03084821
2012-04-29 00:00:00 UTC,,,,0.04364908
2012-05-09 00:00:00 UTC,,,,0.05788554
2012-05-10 00:00:00 UTC,,,,0.03749088
2012-05-11 00:00:00 UTC,,,,0.16697481
2012-05-13 00:00:00 UTC,,,,0.02735306
2012-05-20 00:00:00 UTC,,,,0.37538328
2012-05-30 00:00:00 UTC,,,,27.22604206
2012-06-20 00:00:00 UTC,,,,11.92345618
2012-06-22 00:00:00 UTC,,,,0.0234
2012-06-27 00:00:00 UTC,,,,0.021
2012-07-05 00:00:00 UTC,,,,0.1104334
2012-07-20 00:00:00 UTC,,,,0.0869
2012-07-30 00:00:00 UTC,,,,17.75130054
2012-08-07 00:00:00 UTC,,,,2.90458721
2012-08-08 00:00:00 UTC,,,,70.0
2012-08-09 00:00:00 UTC,,,,70.0
2012-08-10 00:00:00 UTC,,,,13.9857853
2012-08-11 00:00:00 UTC,,,,0.01
2012-08-13 00:00:00 UTC,,,,14.08527682
2012-08-14 00:00:00 UTC,,,,210.0001
2012-08-15 00:00:00 UTC,,,,200.0
2012-08-16 00:00:00 UTC,,,,330.0
2012-08-21 00:00:00 UTC,,,,516.1001
2012-08-22 00:00:00 UTC,,,,17.37817112
2012-09-04 00:00:00 UTC,,,,14.96423565
2012-09-06 00:00:00 UTC,,,,35.0
2012-09-11 00:00:00 UTC,,,,14.0004539
2012-09-12 00:00:00 UTC,,,,190.67396733
2012-09-16 00:00:00 UTC,,,,0.0113
2012-09-18 00:00:00 UTC,,,,60.4019156
2012-09-19 00:00:00 UTC,,,,0.02774986
2012-09-21 00:00:00 UTC,,,,12.87591228
2012-09-26 00:00:00 UTC,,,,91.22971483
2012-10-02 00:00:00 UTC,,,,0.06598421
2012-10-03 00:00:00 UTC,,,,0.44590057
2012-10-04 00:00:00 UTC,,,,12.94758751
2012-10-08 00:00:00 UTC,,,,99.9
2012-10-09 00:00:00 UTC,,,,1.23482792
2012-10-15 00:00:00 UTC,,,,0.92303815
2012-10-16 00:00:00 UTC,,,,0.8021522
2012-10-28 00:00:00 UTC,,,,0.05306164
2012-10-29 00:00:00 UTC,,,,15.08148905
2012-10-31 00:00:00 UTC,,,,0.02770575
2012-11-01 00:00:00 UTC,,,,0.47229181
2012-11-06 00:00:00 UTC,,,,18.4439
2012-11-12 00:00:00 UTC,,,,6.0
2012-11-13 00:00:00 UTC,,,,1.33029427
2012-11-16 00:00:00 UTC,,,,1.21080713
2012-11-20 00:00:00 UTC,,,,13.66781438
2012-11-22 00:00:00 UTC,,,,0.01048801
2012-11-26 00:00:00 UTC,,,,279.38431325
2012-11-29 00:00:00 UTC,,,,0.02510996
2012-12-03 00:00:00 UTC,,,,160.02510996
2012-12-04 00:00:00 UTC,,,,0.40762365
2012-12-05 00:00:00 UTC,,,,20.40275306
2012-12-06 00:00:00 UTC,,,,0.59736976
2012-12-07 00:00:00 UTC,,,,0.254111
2012-12-08 00:00:00 UTC,,,,0.42710668
2012-12-09 00:00:00 UTC,,,,0.57289332
2012-12-10 00:00:00 UTC,,,,0.40789215
2012-12-11 00:00:00 UTC,,,,10.94400785
2012-12-14 00:00:00 UTC,,,,57.0
2012-12-17 00:00:00 UTC,,,,0.28645514
2012-12-20 00:00:00 UTC,,,,29.77308221
2012-12-21 00:00:00 UTC,,,,1.0
2013-01-08 00:00:00 UTC,,,,1.20978903
2013-01-13 00:00:00 UTC,,,,0.01
2013-01-15 00:00:00 UTC,,,,1.02173016
2013-01-16 00:00:00 UTC,,,,0.0391576
2013-01-17 00:00:00 UTC,,,,0.03173317
2013-01-18 00:00:00 UTC,,,,0.02000874
2013-01-21 00:00:00 UTC,,,,14.47908343
2013-01-22 00:00:00 UTC,,,,0.29062812
2013-01-23 00:00:00 UTC,,,,0.01668017
2013-01-24 00:00:00 UTC,,,,0.18748096
2013-01-25 00:00:00 UTC,,,,0.23164163
2013-01-26 00:00:00 UTC,,,,0.06861981
2013-01-28 00:00:00 UTC,,,,21.36171481
2013-01-29 00:00:00 UTC,,,,114.09963304
2013-01-30 00:00:00 UTC,,,,19.72672752
2013-01-31 00:00:00 UTC,,,,1.03483284
2013-02-01 00:00:00 UTC,,,,0.01930462
2013-02-04 00:00:00 UTC,,,,0.53900278
2013-02-06 00:00:00 UTC,,,,7.12862779
2013-02-07 00:00:00 UTC,,,,64.28912971
2013-02-08 00:00:00 UTC,,,,0.75
2013-02-11 00:00:00 UTC,,,,0.46105241
2013-02-12 00:00:00 UTC,,,,0.28929485
2013-02-14 00:00:00 UTC,,,,2.78177245
2013-02-17 00:00:00 UTC,,,,3.0
2013-02-19 00:00:00 UTC,,,,1.0
2013-02-22 00:00:00 UTC,,,,0.07516263
2013-02-23 00:00:00 UTC,,,,0.81341006
2013-02-26 00:00:00 UTC,,,,211.52650215
2013-02-28 00:00:00 UTC,,,,1.71676351
2013-03-01 00:00:00 UTC,,,,1.0001
2013-03-04 00:00:00 UTC,,,,0.54147711
2013-03-05 00:00:00 UTC,,,,106.36356551
2013-03-06 00:00:00 UTC,,,,84.09801149
2013-03-07 00:00:00 UTC,,,,444.32103063
2013-03-08 00:00:00 UTC,,,,3.9877347
2013-03-09 00:00:00 UTC,,,,0.05510205
2013-03-11 00:00:00 UTC,,,,35.71175277
2013-03-12 00:00:00 UTC,,,,10.09328081
2013-03-13 00:00:00 UTC,,,,1.9479026
2013-03-18 00:00:00 UTC,,,,99.69497124
2013-03-19 00:00:00 UTC,,,,2.15205648
2013-03-20 00:00:00 UTC,,,,0.21219124
2013-03-21 00:00:00 UTC,,,,22.7715847
2013-03-22 00:00:00 UTC,,,,250.86639002
2013-03-23 00:00:00 UTC,,,0.4922,1.5
2013-03-25 00:00:00 UTC,,,,44.20701
2013-03-26 00:00:00 UTC,,,,79.71395942
2013-03-27 00:00:00 UTC,,,,6.08953628
2013-03-28 00:00:00 UTC,,,0.4936,51.7049143
2013-03-29 00:00:00 UTC,,,,1.0
2013-04-01 00:00:00 UTC,,,,306.15544149
2013-04-02 00:00:00 UTC,,,,4.0586
2013-04-03 00:00:00 UTC,,,,219.85348769
2013-04-04 00:00:00 UTC,,,,114.19136869
2013-04-05 00:00:00 UTC,,,,14.93515518
2013-04-06 00:00:00 UTC,,,,35.6193
2013-04-07 00:00:00 UTC,,,,3.15500013
2013-04-08 00:00:00 UTC,,,,230.7056304
2013-04-09 00:00:00 UTC,,,,4.26726759
2013-04-10 00:00:00 UTC,,,,230.62627478
2013-04-11 00:00:00 UTC,,,,42.77217597
2013-04-12 00:00:00 UTC,,,,139.4571534
2013-04-13 00:00:00 UTC,,,,14.2
2013-04-14 00:00:00 UTC,,,,22.625
2013-04-15 00:00:00 UTC,,,,141.52517564
2013-04-16 00:00:00 UTC,,,,212.55643406
2013-04-17 00:00:00 UTC,,,,15.1769731
2013-04-18 00:00:00 UTC,,,,93.52517933
2013-04-19 00:00:00 UTC,,,,29.27753816
2013-04-20 00:00:00 UTC,,,,2.094
2013-04-21 00:00:00 UTC,,,,9.05
2013-04-22 00:00:00 UTC,,,,0.05941082
2013-04-23 00:00:00 UTC,,,,7.20134162
2013-04-24 00:00:00 UTC,,,,47.786
2013-04-25 00:00:00 UTC,,,,26.53253288
2013-04-26 00:00:00 UTC,,,,6.9676
2013-04-27 00:00:00 UTC,,,,1.09812765
2013-04-28 00:00:00 UTC,,,,1.0
2013-04-29 00:00:00 UTC,,,,8.955
2013-04-30 00:00:00 UTC,,,,17.06
2013-05-01 00:00:00 UTC,,,,90.70027703
2013-05-02 00:00:00 UTC,,,1.0143,14.59779907
2013-05-03 00:00:00 UTC,,,,50.03547144
2013-05-04 00:00:00 UTC,,,,1.0
2013-05-05 00:00:00 UTC,,,,
2013-05-06 00:00:00 UTC,,,,
2013-05-07 00:00:00 UTC,,,,0.79
2013-05-08 00:00:00 UTC,,,,41.75116777
2013-05-09 00:00:00 UTC,,,,
2013-05-10 00:00:00 UTC,,,,0.25
2013-05-11 00:00:00 UTC,,,,8.1132
2013-05-12 00:00:00 UTC,,,,
2013-05-13 00:00:00 UTC,,,,
2013-05-14 00:00:00 UTC,,,,47.67070757
2013-05-15 00:00:00 UTC,,,,1.00007535
2013-05-16 00:00:00 UTC,,,,10.0
2013-05-17 00:00:00 UTC,,,,14.03619818
2013-05-18 00:00:00 UTC,,,,3.09917605
2013-05-19 00:00:00 UTC,,,,
2013-05-20 00:00:00 UTC,,,,1.2212
2013-05-21 00:00:00 UTC,,,,54.32263777
2013-05-22 00:00:00 UTC,,,,
2013-05-23 00:00:00 UTC,,,,0.39750197
2013-05-24 00:00:00 UTC,,,,
2013-05-25 00:00:00 UTC,,,,33.3234
2013-05-26 00:00:00 UTC,,,,18.26722844
2013-05-27 00:00:00 UTC,,,,0.11238013
2013-05-28 00:00:00 UTC,,,,1.32795214
2013-05-29 00:00:00 UTC,,,,0.05
2013-05-30 00:00:00 UTC,,,1.1,36.23757598
2013-05-31 00:00:00 UTC,,,,
2013-06-01 00:00:00 UTC,,,,
2013-06-02 00:00:00 UTC,,,,8.8753
2013-06-03 00:00:00 UTC,,,,0.1035
2013-06-04 00:00:00 UTC,,,,
2013-06-05 00:00:00 UTC,,,,1.02
2013-06-06 00:00:00 UTC,,,,
2013-06-07 00:00:00 UTC,,,,50.68140966
2013-06-08 00:00:00 UTC,,,,10.0495
2013-06-09 00:00:00 UTC,,,,0.91059
2013-06-10 00:00:00 UTC,,,,0.02176889
2013-06-11 00:00:00 UTC,,,,8.0
2013-06-12 00:00:00 UTC,,,,
2013-06-13 00:00:00 UTC,,,,11.21431681
2013-06-14 00:00:00 UTC,,,,6.5
2013-06-15 00:00:00 UTC,,,,6.0
2013-06-16 00:00:00 UTC,,,,5.0
2013-06-17 00:00:00 UTC,,,,
2013-06-18 00:00:00 UTC,,,,
2013-06-19 00:00:00 UTC,,,,
2013-06-20 00:00:00 UTC,,,,2.05339522
2013-06-21 00:00:00 UTC,,,,
2013-06-22 00:00:00 UTC,,,,
2013-06-23 00:00:00 UTC,,,,
2013-06-24 00:00:00 UTC,,,,
2013-06-25 00:00:00 UTC,,,,
2013-06-26 00:00:00 UTC,,,,
2013-06-27 00:00:00 UTC,,,,
2013-06-28 00:00:00 UTC,,,,19.58329426
2013-06-29 00:00:00 UTC,,,,11.36579614
2013-06-30 00:00:00 UTC,,,,
2013-07-01 00:00:00 UTC,,,,0.055
2013-07-02 00:00:00 UTC,,,,
2013-07-03 00:00:00 UTC,,,,22.5754
2013-07-04 00:00:00 UTC,,,,
2013-07-05 00:00:00 UTC,,,,
2013-07-06 00:00:00 UTC,,,0.083,
2013-07-07 00:00:00 UTC,,,,
2013-07-08 00:00:00 UTC,,,,1.0
2013-07-09 00:00:00 UTC,,,,25.0
2013-07-10 00:00:00 UTC,,,,
2013-07-11 00:00:00 UTC,,,,
2013-07-12 00:00:00 UTC,,,,
2013-07-13 00:00:00 UTC,,,,
2013-07-14 00:00:00 UTC,,,,
2013-07-15 00:00:00 UTC,,,,
2013-07-16 00:00:00 UTC,,,,
2013-07-17 00:00:00 UTC,,,,0.01407392
2013-07-18 00:00:00 UTC,,,,0.0521
2013-07-19 00:00:00 UTC,,,,
2013-07-20 00:00:00 UTC,,,,
2013-07-21 00:00:00 UTC,,,,
2013-07-22 00:00:00 UTC,,,,
2013-07-23 00:00:00 UTC,,,,
2013-07-24 00:00:00 UTC,,,,
2013-07-25 00:00:00 UTC,,,,
2013-07-26 00:00:00 UTC,,,,
2013-07-27 00:00:00 UTC,,,,
2013-07-28 00:00:00 UTC,,,,
2013-07-29 00:00:00 UTC,,,,
2013-07-30 00:00:00 UTC,,,,
2013-07-31 00:00:00 UTC,,,,25.49975857
2013-08-01 00:00:00 UTC,,,,
2013-08-02 00:00:00 UTC,,,1.0,
2013-08-03 00:00:00 UTC,,,,
2013-08-04 00:00:00 UTC,,,,
2013-08-05 00:00:00 UTC,,,,20.0
2013-08-06 00:00:00 UTC,,,0.3192,10.0
2013-08-07 00:00:00 UTC,,,,8.8886
2013-08-09 00:00:00 UTC,,,,20.0
2013-08-11 00:00:00 UTC,,,,
2013-08-12 00:00:00 UTC,,,,20.0
2013-08-13 00:00:00 UTC,,,,
2013-08-14 00:00:00 UTC,,,,20.0
2013-08-15 00:00:00 UTC,,,1.9924,2.21906532
2013-08-16 00:00:00 UTC,,,,5.635
2013-08-17 00:00:00 UTC,,,,
2013-08-18 00:00:00 UTC,,,0.3217,
2013-08-19 00:00:00 UTC,,,,665.95539151
2013-08-20 00:00:00 UTC,,,,32.0
2013-08-21 00:00:00 UTC,,,1.086,
2013-08-22 00:00:00 UTC,,,,
2013-08-23 00:00:00 UTC,,,1.1,
2013-08-24 00:00:00 UTC,,,,
2013-08-25 00:00:00 UTC,,,0.8177,
2013-08-26 00:00:00 UTC,,,,15.0
2013-08-27 00:00:00 UTC,,,,
2013-08-28 00:00:00 UTC,,,,
2013-08-29 00:00:00 UTC,,,,
2013-08-30 00:00:00 UTC,,,,
2013-08-31 00:00:00 UTC,,,,
2013-09-01 00:00:00 UTC,,,0.2299,10.52240943
2013-09-02 00:00:00 UTC,,,,
2013-09-03 00:00:00 UTC,,,,
2013-09-04 00:00:00 UTC,,,,
2013-09-05 00:00:00 UTC,,,,
2013-09-06 00:00:00 UTC,,,,
2013-09-07 00:00:00 UTC,,,,
2013-09-08 00:00:00 UTC,,,,
2013-09-09 00:00:00 UTC,,,,
2013-09-10 00:00:00 UTC,,,,0.00959324
2013-09-11 00:00:00 UTC,,,,
2013-09-12 00:00:00 UTC,,,,
2013-09-13 00:00:00 UTC,,,,
2013-09-14 00:00:00 UTC,,,,
2013-09-15 00:00:00 UTC,,,,
2013-09-16 00:00:00 UTC,,,,
2013-09-17 00:00:00 UTC,,,,
2013-09-18 00:00:00 UTC,,,,
2013-09-19 00:00:00 UTC,,,,
2013-09-20 00:00:00 UTC,,,0.602,
2013-09-21 00:00:00 UTC,,,,
2013-09-22 00:00:00 UTC,,,0.1213,
2013-09-23 00:00:00 UTC,,,,
2013-09-24 00:00:00 UTC,,,,
2013-09-25 00:00:00 UTC,,,5.002,
2013-09-26 00:00:00 UTC,,,4.0461,26.105
2013-09-27 00:00:00 UTC,,,,
2013-09-28 00:00:00 UTC,,,4.8946,
2013-09-29 00:00:00 UTC,,,0.36,
2013-09-30 00:00:00 UTC,,,2.2917,4.33198132
2013-10-01 00:00:00 UTC,,,5.8672,
2013-10-02 00:00:00 UTC,,,3.5497,45.51935643
2013-10-03 00:00:00 UTC,,,,
2013-10-04 00:00:00 UTC,,,,0.43900178
2013-10-05 00:00:00 UTC,,,,
2013-10-06 00:00:00 UTC,,,1.0,
2013-10-07 00:00:00 UTC,,,0.2553,
2013-10-08 00:00:00 UTC,,,8.9633,
2013-10-09 00:00:00 UTC,,,8.1404,
2013-10-10 00:00:00 UTC,,,11.0319,
2013-10-11 00:00:00 UTC,,,4.959,7.0486
2013-10-12 00:00:00 UTC,,,,
2013-10-13 00:00:00 UTC,,,2.3678,
2013-10-14 00:00:00 UTC,,,,
2013-10-15 00:00:00 UTC,,,4.236,0.01067157
2013-10-16 00:00:00 UTC,,,8.6152,
2013-10-17 00:00:00 UTC,,,,
2013-10-18 00:00:00 UTC,,,8.2611,5.039
2013-10-19 00:00:00 UTC,,,,
2013-10-20 00:00:00 UTC,,,10.408,
2013-10-21 00:00:00 UTC,,,14.79,
2013-10-22 00:00:00 UTC,,,22.11452,
2013-10-23 00:00:00 UTC,,,14.3043,
2013-10-24 00:00:00 UTC,,,8.666,
2013-10-25 00:00:00 UTC,,,11.5884,
2013-10-26 00:00:00 UTC,,,10.9435,
2013-10-27 00:00:00 UTC,,,16.0241,
2013-10-28 00:00:00 UTC,,,42.7008,
2013-10-29 00:00:00 UTC,,,3.5957,
2013-10-30 00:00:00 UTC,,,13.7499,
2013-10-31 00:00:00 UTC,,,19.9069,
2013-11-01 00:00:00 UTC,,,0.1774,
2013-11-02 00:00:00 UTC,,,49.0439,
2013-11-03 00:00:00 UTC,,,,
2013-11-04 00:00:00 UTC,,,1.86607,
2013-11-05 00:00:00 UTC,,,15.7132,7.15094
2013-11-06 00:00:00 UTC,,,21.3474,
2013-11-07 00:00:00 UTC,,,8.36119198,5.83057943
2013-11-08 00:00:00 UTC,,,5.1744,24.3303
2013-11-09 00:00:00 UTC,,,,1.96636812
2013-11-10 00:00:00 UTC,,,,46.6725
2013-11-11 00:00:00 UTC,,,,
2013-11-12 00:00:00 UTC,,,0.218,
2013-11-13 00:00:00 UTC,,,0.5173,
2013-11-14 00:00:00 UTC,,,8.57,
2013-11-15 00:00:00 UTC,,,32.46,5.69999998
2013-11-16 00:00:00 UTC,,,0.8066,
2013-11-17 00:00:00 UTC,,,4.0526,
2013-11-18 00:00:00 UTC,,2.0,1.864,37.48943263
2013-11-19 00:00:00 UTC,,,,1.14999999
2013-11-20 00:00:00 UTC,,11.136,6.0,
2013-11-21 00:00:00 UTC,,3.98,,1.0
2013-11-22 00:00:00 UTC,,1.5225,15.4038,0.0585
2013-11-23 00:00:00 UTC,,,6.1909,9.03028
2013-11-24 00:00:00 UTC,,15.1927,1.1198,7.9633
2013-11-25 00:00:00 UTC,,,6.7923,1.01
2013-11-26 00:00:00 UTC,,15.68,12.056,0.03685847
2013-11-27 00:00:00 UTC,,9.2195,1.0,16.65246473
2013-11-28 00:00:00 UTC,,37.03,8.145,5.88394895
2013-11-29 00:00:00 UTC,,25.6388,9.0663,4.90487362
2013-11-30 00:00:00 UTC,,11.601,0.7164,0.06733034
2013-12-01 00:00:00 UTC,,5.9,,2.29045136
2013-12-02 00:00:00 UTC,,3.91,0.0127,
2013-12-03 00:00:00 UTC,,1.837,,
2013-12-04 00:00:00 UTC,,27.2699,0.0288,
2013-12-05 00:00:00 UTC,,25.393,,3.0595369
2013-12-06 00:00:00 UTC,,11.623,,6.20244902
2013-12-07 00:00:00 UTC,,21.3789,0.0411,66.15857534
2013-12-08 00:00:00 UTC,,3.741,,16.0
2013-12-09 00:00:00 UTC,,11.3188,1.0071,13.02214408
2013-12-10 00:00:00 UTC,,28.7656,2.8267,5.0
2013-12-11 00:00:00 UTC,,3.39,6.0,
2013-12-12 00:00:00 UTC,,8.6978,,5.0
2013-12-13 00:00:00 UTC,,29.665,0.3879,
2013-12-14 00:00:00 UTC,,1.0001,0.08913708,
2013-12-15 00:00:00 UTC,,7.271,,0.06499511
2013-12-16 00:00:00 UTC,,41.4654,,5.0
2013-12-17 00:00:00 UTC,,120.0517,2.8615,
2013-12-18 00:00:00 UTC,,269.3008,15.9007,16.33991628
2013-12-19 00:00:00 UTC,,189.04,5.3443,15.08624648
2013-12-20 00:00:00 UTC,,91.1293,6.5294,0.5
2013-12-21 00:00:00 UTC,,5.4544,,7.25
2013-12-22 00:00:00 UTC,,17.3613,,
2013-12-23 00:00:00 UTC,,78.8391,,
2013-12-24 00:00:00 UTC,,107.1346,0.24,12.70739072
2013-12-25 00:00:00 UTC,,27.5209,3.57,2.69236431
2013-12-26 00:00:00 UTC,,140.5455,0.1506,3.0
2013-12-27 00:00:00 UTC,,72.1275,1.1,1.0
2013-12-28 00:00:00 UTC,,50.798,,3.272163
2013-12-29 00:00:00 UTC,,18.74,3.3363,
2013-12-30 00:00:00 UTC,,101.1163,2.03,
2013-12-31 00:00:00 UTC,,55.5415,6.1113,
2014-01-01 00:00:00 UTC,,62.5778,,
2014-01-02 00:00:00 UTC,,53.645,0.5,
2014-01-03 00:00:00 UTC,,30.8836,0.1153,
2014-01-04 00:00:00 UTC,,8.75,0.5265,
2014-01-05 00:00:00 UTC,,9.1255,,
2014-01-06 00:00:00 UTC,,65.6901,6.9806,
2014-01-07 00:00:00 UTC,,56.3187,2.0,0.0804878
2014-01-08 00:00:00 UTC,,110.5438,2.5617,0.01
2014-01-09 00:00:00 UTC,,108.2694,1.0987,
2014-01-10 00:00:00 UTC,,22.9262,0.7952,
2014-01-11 00:00:00 UTC,0.02497,17.3688,1.0839,
2014-01-12 00:00:00 UTC,,5.5303,0.2197,
2014-01-13 00:00:00 UTC,,51.8668,7.5001,1.38072249
2014-01-14 00:00:00 UTC,,48.4859,1.1695,
2014-01-15 00:00:00 UTC,0.02,65.232,1.2932,
2014-01-16 00:00:00 UTC,,23.5475,1.2992,
2014-01-17 00:00:00 UTC,,93.3905,2.3713,0.0543298
2014-01-18 00:00:00 UTC,,2.625,0.8342,
2014-01-19 00:00:00 UTC,,2.1817,0.5435,
2014-01-20 00:00:00 UTC,,1.1098,2.4375,
2014-01-21 00:00:00 UTC,,34.6615,21.0362,
2014-01-22 00:00:00 UTC,,22.4509,9.1571,
2014-01-23 00:00:00 UTC,,37.7046,0.2956,
2014-01-24 00:00:00 UTC,,29.3232,2.0,
2014-01-25 00:00:00 UTC,,34.1164,2.0785,
2014-01-26 00:00:00 UTC,,0.53,3.0879,
2014-01-27 00:00:00 UTC,,27.4041,0.7041,
2014-01-28 00:00:00 UTC,,39.7856,3.5893,0.08965882
2014-01-29 00:00:00 UTC,,17.161,3.2582,
2014-01-30 00:00:00 UTC,,17.1727,4.883,
2014-01-31 00:00:00 UTC,,14.392,1.9525,
2014-02-01 00:00:00 UTC,,7.3382,2.6055,
2014-02-02 00:00:00 UTC,,3429.0173,3.0121,
2014-02-03 00:00:00 UTC,,9.257,0.4286,
2014-02-04 00:00:00 UTC,,19.108,3.6612,1.0
2014-02-05 00:00:00 UTC,,5.325,,
2014-02-06 00:00:00 UTC,0.023,26.4142,0.6812,0.23
2014-02-07 00:00:00 UTC,,41.8834,2.0686,0.36582191
2014-02-08 00:00:00 UTC,,19.632,0.9648,
2014-02-09 00:00:00 UTC,,12.358,0.4559,1.00702557
2014-02-10 00:00:00 UTC,,13.459,9.8906,6.5704161
2014-02-11 00:00:00 UTC,,31.7013,9.0408,1.3
2014-02-12 00:00:00 UTC,,11.4997,0.4159,13.0
2014-02-13 00:00:00 UTC,,24.661,3.5167,0.13689
2014-02-14 00:00:00 UTC,,87.2188,2.756,1.42948
2014-02-15 00:00:00 UTC,,39.8599,0.933,1.0
2014-02-16 00:00:00 UTC,,65.497,,14.46307564
2014-02-17 00:00:00 UTC,,12.511,0.5236,6.62
2014-02-18 00:00:00 UTC,,9.2397,0.1665,
2014-02-19 00:00:00 UTC,,8.0123,0.9055,4.32127931
2014-02-20 00:00:00 UTC,,56.6525,,2.07976756
2014-02-21 00:00:00 UTC,,26.0025,1.0408,
2014-02-22 00:00:00 UTC,,12.702,4.7274,11.47104821
2014-02-23 00:00:00 UTC,,19.9139,12.7706,
2014-02-24 00:00:00 UTC,,2.8752,1.5824,
2014-02-25 00:00:00 UTC,,64.4512,4.0,
2014-02-26 00:00:00 UTC,,41.57,5.6077,
2014-02-27 00:00:00 UTC,,5.934,3.8348,
2014-02-28 00:00:00 UTC,,140.8911,2.7319,
2014-03-01 00:00:00 UTC,,4.7549,2.7723,
2014-03-02 00:00:00 UTC,,0.133,,
2014-03-03 00:00:00 UTC,,57.1777,7.3108,
2014-03-04 00:00:00 UTC,,20.4062,7.2957,
2014-03-05 00:00:00 UTC,,23.8068,0.6902,
2014-03-06 00:00:00 UTC,,6.0722,6.0992,
2014-03-07 00:00:00 UTC,0.03,20.5675,0.2886,
2014-03-08 00:00:00 UTC,0.2825,15.3278,1.0592,
2014-03-09 00:00:00 UTC,,3.6149,0.5589,
2014-03-10 00:00:00 UTC,,6.927,0.1217,
2014-03-11 00:00:00 UTC,,12.0616,1.8959,
2014-03-12 00:00:00 UTC,,5.424,2.2162,
2014-03-13 00:00:00 UTC,,1.244,0.2138,
2014-03-14 00:00:00 UTC,,7.5425,1.4779,
2014-03-15 00:00:00 UTC,,5.087,0.4327,
2014-03-16 00:00:00 UTC,,16.266,1.2558,
2014-03-17 00:00:00 UTC,,33.676,3.1802,
2014-03-18 00:00:00 UTC,,27.0407,1.4456,
2014-03-19 00:00:00 UTC,,15.227,6.8084,
2014-03-20 00:00:00 UTC,0.03568,32.8333,4.4760321,
2014-03-21 00:00:00 UTC,,25.0715,4.7696621,
2014-03-22 00:00:00 UTC,,12.375,0.4216524,
2014-03-23 00:00:00 UTC,,3.928,0.3599103,
2014-03-24 00:00:00 UTC,,40.4296,0.9410331,
2014-03-25 00:00:00 UTC,,30.9684,0.3578297,
2014-03-26 00:00:00 UTC,,11.478,0.316346,
2014-03-27 00:00:00 UTC,,81.1258,0.2026397,
2014-03-28 00:00:00 UTC,,37.5502,3.9750854,
2014-03-29 00:00:00 UTC,,67.8847,,
2014-03-30 00:00:00 UTC,,36.2846,4.6575919,
2014-03-31 00:00:00 UTC,,20.1604,2.3178839,
2014-04-01 00:00:00 UTC,,60.7891,0.8669268,
2014-04-02 00:00:00 UTC,,62.8161,0.4708689,
2014-04-03 00:00:00 UTC,,150.6701,2.5112837,
2014-04-04 00:00:00 UTC,,25.0858,0.1694484,
2014-04-05 00:00:00 UTC,,4.743,1.0710422,
2014-04-06 00:00:00 UTC,,20.6362,0.3249379,
2014-04-07 00:00:00 UTC,,43.146,0.4907298,
2014-04-08 00:00:00 UTC,,5.347,0.1646578,
2014-04-09 00:00:00 UTC,,24.9335,1.0,
2014-04-10 00:00:00 UTC,,95.0168,1.7419961,
2014-04-11 00:00:00 UTC,,16.5875,3.7009622,
2014-04-12 00:00:00 UTC,,7.4792,1.0959992,
2014-04-13 00:00:00 UTC,,3.9945,1.4900019,
2014-04-14 00:00:00 UTC,,17.9097,0.9515071,
2014-04-15 00:00:00 UTC,,28.3962,0.1480253,
2014-04-16 00:00:00 UTC,,26.4956,1.5,
2014-04-17 00:00:00 UTC,,11.4664,3.0,
2014-04-18 00:00:00 UTC,,4.71,1.693815,
2014-04-19 00:00:00 UTC,,10.6876,,
2014-04-20 00:00:00 UTC,,4.456,1.147859,
2014-04-21 00:00:00 UTC,,4.2135,5.5409959,
2014-04-22 00:00:00 UTC,,12.95,1.7712216,
2014-04-23 00:00:00 UTC,,,,
2014-04-24 00:00:00 UTC,,0.6,0.3042,
2014-04-25 00:00:00 UTC,,30.7721,0.5393,
2014-04-26 00:00:00 UTC,,23.4229,0.698,
2014-04-27 00:00:00 UTC,,1.178,1.1348,
2014-04-28 00:00:00 UTC,,6.696,0.5391,
2014-04-29 00:00:00 UTC,,3.676,0.2,
2014-04-30 00:00:00 UTC,,16.93,,
2014-05-01 00:00:00 UTC,,27.7752,0.313,
2014-05-02 00:00:00 UTC,,5.89,0.6628,
2014-05-03 00:00:00 UTC,,29.5451,0.1359,
2014-05-04 00:00:00 UTC,,19.507,,
2014-05-05 00:00:00 UTC,,24.104,0.433,
2014-05-06 00:00:00 UTC,,5.9,2.2178,
2014-05-07 00:00:00 UTC,,16.79,1.0524,
2014-05-08 00:00:00 UTC,,4.6068,0.1677,
2014-05-09 00:00:00 UTC,,0.058,,
2014-05-10 00:00:00 UTC,,0.0011,1.339,
2014-05-11 00:00:00 UTC,,12.664,0.3531,
2014-05-12 00:00:00 UTC,,2.0,0.609,
2014-05-13 00:00:00 UTC,,0.9276,1.0,
2014-05-14 00:00:00 UTC,,8.22,1.865,
2014-05-15 00:00:00 UTC,,,0.1657,
2014-05-16 00:00:00 UTC,,21.5069,0.2484,
2014-05-17 00:00:00 UTC,,9.1142,,
2014-05-18 00:00:00 UTC,,0.3,,
2014-05-19 00:00:00 UTC,10.84066702,21.5664,,
2014-05-20 00:00:00 UTC,562.50585022,5.6778,1.4466,
2014-05-21 00:00:00 UTC,829.64828229,6.5202,5.7035,
2014-05-22 00:00:00 UTC,1114.18737019,37.964,2.0112,
2014-05-23 00:00:00 UTC,1550.6391248,33.991,0.4519,
2014-05-24 00:00:00 UTC,595.33607442,7.55,0.5017,
2014-05-25 00:00:00 UTC,626.40640213,7.49,0.8006,
2014-05-26 00:00:00 UTC,1341.97278883,24.3031,0.3896,
2014-05-27 00:00:00 UTC,1208.35198421,25.7998,0.2901,
2014-05-28 00:00:00 UTC,1156.03886126,14.1568,1.1552,
2014-05-29 00:00:00 UTC,1138.54291311,8.2499,1.0703,
2014-05-30 00:00:00 UTC,1260.88415739,14.2001,0.0973,
2014-05-31 00:00:00 UTC,759.0078247,25.6702,,
2014-06-01 00:00:00 UTC,821.96539859,34.1286,0.13,
2014-06-02 00:00:00 UTC,485.00572052,29.7915,1.3429,
2014-06-03 00:00:00 UTC,3070.93339999,44.5663,2.6893,
2014-06-04 00:00:00 UTC,2224.61635194,27.898,7.9611,
2014-06-05 00:00:00 UTC,2609.52911092,8.309,2.1134,
2014-06-06 00:00:00 UTC,2446.3431348,63.5087,3.0,
2014-06-07 00:00:00 UTC,1328.63011304,13.8391,2.2296,
2014-06-08 00:00:00 UTC,540.15840567,1.5,0.2409,
2014-06-09 00:00:00 UTC,1850.11535226,22.8058,0.7271,
2014-06-10 00:00:00 UTC,1367.21808678,16.3402,,
2014-06-11 00:00:00 UTC,1823.00332574,70.0406,0.1741,
2014-06-12 00:00:00 UTC,2206.86700529,22.8736,6.119,
2014-06-13 00:00:00 UTC,1519.2280521,27.342,0.83,
2014-06-14 00:00:00 UTC,1164.38067272,69.3196,0.2492,
2014-06-15 00:00:00 UTC,889.33782911,9.427,0.1267,
2014-06-16 00:00:00 UTC,2131.73872557,93.9323,0.3644,
2014-06-17 00:00:00 UTC,2181.70043133,36.8986,0.6295,
2014-06-18 00:00:00 UTC,2257.94080994,31.5826,0.1179,
2014-06-19 00:00:00 UTC,1976.00782328,19.168,0.4745,
2014-06-20 00:00:00 UTC,1758.93439754,16.7942,0.2145,
2014-06-21 00:00:00 UTC,381.84877714,2.5374,5.8735,
2014-06-22 00:00:00 UTC,599.98485174,50.2221,0.1205,
2014-06-23 00:00:00 UTC,1689.9991611,20.3838,,
2014-06-24 00:00:00 UTC,1751.97143325,39.666,,
2014-06-25 00:00:00 UTC,1080.40788282,35.5297,0.8844,
2014-06-26 00:00:00 UTC,1386.47387872,8.063,0.9623,
2014-06-27 00:00:00 UTC,356.46249539,39.6733,0.405,
2014-06-28 00:00:00 UTC,37.85150836,34.3807,2.4394,
2014-06-29 00:00:00 UTC,563.08241691,24.0,0.1245,
2014-06-30 00:00:00 UTC,1142.41042829,123.2114,0.9135,
2014-07-01 00:00:00 UTC,597.53968131,85.8713,0.3289,
2014-07-02 00:00:00 UTC,1155.5615008,73.9828,0.2361,
2014-07-03 00:00:00 UTC,1329.26741942,51.358,0.7977,
2014-07-04 00:00:00 UTC,1162.90685661,84.2234,1.0696,
2014-07-05 00:00:00 UTC,646.97179513,49.9898,1.0291,
2014-07-06 00:00:00 UTC,475.69955178,64.2624,0.7255,
2014-07-07 00:00:00 UTC,1376.17471393,78.1448,0.1154,
2014-07-08 00:00:00 UTC,1045.2846563,67.0079,0.8065,
2014-07-09 00:00:00 UTC,996.81148119,13.9432,0.4053,
2014-07-10 00:00:00 UTC,1052.61182816,31.0165,0.8865,
2014-07-11 00:00:00 UTC,1228.81887312,51.4096,0.4658,
2014-07-12 00:00:00 UTC,913.03185992,16.184,0.2358,
2014-07-13 00:00:00 UTC,297.70038425,8.001,0.4856,
2014-07-14 00:00:00 UTC,1700.11335402,38.867,1.2113,
2014-07-15 00:00:00 UTC,1335.24827473,55.9623,,
2014-07-16 00:00:00 UTC,1272.24062686,105.8622,1.0047,
2014-07-17 00:00:00 UTC,627.25765361,48.1908,0.5841,
2014-07-18 00:00:00 UTC,1656.86491685,47.6346,0.5204,
2014-07-19 00:00:00 UTC,702.3965855,29.6663,0.9011,
2014-07-20 00:00:00 UTC,760.46787111,88.0405,0.7155,
2014-07-21 00:00:00 UTC,1299.93788005,100.7988,0.6941,
2014-07-22 00:00:00 UTC,1332.26310652,43.9622,0.37,
2014-07-23 00:00:00 UTC,1031.25643997,20.9286,4.564,
2014-07-24 00:00:00 UTC,1107.09351624,89.8133,0.5997,
2014-07-25 00:00:00 UTC,1549.54399364,36.1229,0.2306,
2014-07-26 00:00:00 UTC,511.85025754,12.88,0.5025,
2014-07-27 00:00:00 UTC,440.52680917,1.0,0.5904,
2014-07-28 00:00:00 UTC,825.59115408,65.7635,0.6163,
2014-07-29 00:00:00 UTC,1527.44925635,100.1949,0.247,
2014-07-30 00:00:00 UTC,1106.16987404,27.2458,,
2014-07-31 00:00:00 UTC,792.25857079,70.5269,0.3873,
2014-08-01 00:00:00 UTC,1431.13679463,162.1537,0.3904,
2014-08-02 00:00:00 UTC,472.88814737,29.145,0.2812,
2014-08-03 00:00:00 UTC,354.9081606,76.9562,0.487,
2014-08-04 00:00:00 UTC,905.43488866,81.2989,1.4187,
2014-08-05 00:00:00 UTC,691.64268522,85.4354,0.494,
2014-08-06 00:00:00 UTC,659.7607012,129.0433,0.99,
2014-08-07 00:00:00 UTC,543.97305172,95.0443,5.3512,
2014-08-08 00:00:00 UTC,687.28526513,51.9287,0.6235,
2014-08-09 00:00:00 UTC,380.41075349,30.9124,1.1367,
2014-08-10 00:00:00 UTC,408.57518761,30.5826,0.1282,
2014-08-11 00:00:00 UTC,365.24501847,57.8885,0.0228,
2014-08-12 00:00:00 UTC,,48.7698,,
2014-08-13 00:00:00 UTC,210.67352253,113.3671,0.263,
2014-08-14 00:00:00 UTC,1081.75736144,103.8378,1.5718,
2014-08-15 00:00:00 UTC,1183.19040625,139.7206,0.1031,
2014-08-16 00:00:00 UTC,409.7223212,178.6156,,
2014-08-17 00:00:00 UTC,219.63842754,56.4953,0.2,
2014-08-18 00:00:00 UTC,231.14324015,162.1701,1.842,
2014-08-19 00:00:00 UTC,1220.16364485,381.7066,0.1518,
2014-08-20 00:00:00 UTC,1489.63021255,260.5871,0.2774,
2014-08-21 00:00:00 UTC,1761.61319294,162.7174,4.9205,
2014-08-22 00:00:00 UTC,917.4644782,134.4769,0.454,
2014-08-23 00:00:00 UTC,870.57393706,18.2264,,
2014-08-24 00:00:00 UTC,293.17223352,90.2552,0.1654,
2014-08-25 00:00:00 UTC,942.40506127,73.2747,1.6522,
2014-08-26 00:00:00 UTC,1126.79320212,45.1245,1.2977,
2014-08-27 00:00:00 UTC,341.67301302,93.1427,,
2014-08-28 00:00:00 UTC,733.23507093,23.4176,0.5568,
2014-08-29 00:00:00 UTC,749.89178812,11.095,2.2655,
2014-08-30 00:00:00 UTC,449.4073232,29.0127,0.0249,
2014-08-31 00:00:00 UTC,240.71888006,58.4435,0.3066,
2014-09-01 00:00:00 UTC,1062.8211541,123.9433,0.3304,
2014-09-02 00:00:00 UTC,1054.67963875,84.8833,0.1488,
2014-09-03 00:00:00 UTC,757.00174127,29.0318,,
2014-09-04 00:00:00 UTC,865.02475698,43.6652,7.7822,
2014-09-05 00:00:00 UTC,1005.98149385,18.3878,14.5673,
2014-09-06 00:00:00 UTC,296.64659708,30.0743,1.3324,
2014-09-07 00:00:00 UTC,258.56960459,10.5,1.059,
2014-09-08 00:00:00 UTC,915.16967431,124.6713,0.3231,
2014-09-09 00:00:00 UTC,489.93669027,67.0493,,
2014-09-10 00:00:00 UTC,913.40465691,98.7109,6.7293,
2014-09-11 00:00:00 UTC,835.87142982,36.4585,0.264,
2014-09-12 00:00:00 UTC,787.02362754,22.9487,0.1534,
2014-09-13 00:00:00 UTC,436.17341675,77.2173,0.6096,
2014-09-14 00:00:00 UTC,259.96728093,26.0802,0.1219,
2014-09-15 00:00:00 UTC,554.88980765,52.338,0.5422,
2014-09-16 00:00:00 UTC,941.01726214,38.0313,,
2014-09-17 00:00:00 UTC,898.45547178,43.0782,0.6514,
2014-09-18 00:00:00 UTC,969.41464933,113.5723,0.997,
2014-09-19 00:00:00 UTC,653.17976811,368.2325,,
2014-09-20 00:00:00 UTC,250.60505695,59.3342,0.57,
2014-09-21 00:00:00 UTC,545.45575527,36.5827,6.3375,
2014-09-22 00:00:00 UTC,399.18587344,32.8281,0.1778,
2014-09-23 00:00:00 UTC,2120.24380889,118.8138,,
2014-09-24 00:00:00 UTC,1708.35349918,179.044,0.5355,
2014-09-25 00:00:00 UTC,1849.31204889,47.2595,0.1747,
2014-09-26 00:00:00 UTC,1782.66988649,113.9081,,
2014-09-27 00:00:00 UTC,908.22110197,46.5086,0.1765,
2014-09-28 00:00:00 UTC,397.48226924,107.5166,0.1792,
2014-09-29 00:00:00 UTC,1081.60689211,203.2306,0.041,
2014-09-30 00:00:00 UTC,1290.82738547,48.7683,1.6104,
2014-10-01 00:00:00 UTC,329.65477251,26.6866,2.0578,
2014-10-02 00:00:00 UTC,730.49010931,53.3362,,
2014-10-03 00:00:00 UTC,1325.80194304,98.5743,,
2014-10-04 00:00:00 UTC,508.0544357,246.9526,,
2014-10-05 00:00:00 UTC,532.89977826,129.137,,
2014-10-06 00:00:00 UTC,805.69396239,67.8236,0.2378,
2014-10-07 00:00:00 UTC,1398.32019477,122.5448,0.47,
2014-10-08 00:00:00 UTC,662.99761633,188.4196,,
2014-10-09 00:00:00 UTC,1029.43375255,186.2181,0.5787,
2014-10-10 00:00:00 UTC,1086.64040593,27.9643,0.5401,
2014-10-11 00:00:00 UTC,682.94820473,26.3411,0.3981,
2014-10-12 00:00:00 UTC,638.72474565,121.9115,,
2014-10-13 00:00:00 UTC,1572.23286875,105.4253,4.0168,
2014-10-14 00:00:00 UTC,1283.95722917,313.4148,1.1767,
2014-10-15 00:00:00 UTC,1385.96701238,151.1853,1.5901,
2014-10-16 00:00:00 UTC,2145.02263997,155.7054,1.0602,
2014-10-17 00:00:00 UTC,1900.81641493,34.0513,,
2014-10-18 00:00:00 UTC,545.91071767,50.8503,,
2014-10-19 00:00:00 UTC,39.57160983,21.2987,,
2014-10-20 00:00:00 UTC,1299.10632164,49.6274,1.8194,
2014-10-21 00:00:00 UTC,907.8699335,76.3852,7.9387,
2014-10-22 00:00:00 UTC,1036.22030964,60.4851,0.8522,
2014-10-23 00:00:00 UTC,774.2989074,95.6523,,
2014-10-24 00:00:00 UTC,732.64717623,51.7582,,
2014-10-25 00:00:00 UTC,593.42545972,16.7843,,
2014-10-26 00:00:00 UTC,503.95231305,20.9551,0.6075,
2014-10-27 00:00:00 UTC,1645.18309384,55.7493,0.5507,
2014-10-28 00:00:00 UTC,2163.23200642,39.6477,1.9002,
2014-10-29 00:00:00 UTC,1316.55871435,54.3409,0.5659,
2014-10-30 00:00:00 UTC,1087.47627658,42.8499,1.1824,
2014-10-31 00:00:00 UTC,1595.7946441,56.1824,3.9463,
2014-11-01 00:00:00 UTC,321.44965692,36.7543,0.7561,
2014-11-02 00:00:00 UTC,545.32979415,42.8635,0.6061,
2014-11-03 00:00:00 UTC,644.53719062,71.9346,2.1065,
2014-11-04 00:00:00 UTC,995.97830014,80.0006,0.2897,
2014-11-05 00:00:00 UTC,785.48468142,147.7943,1.4205,
2014-11-06 00:00:00 UTC,1414.59181207,67.4358,,
2014-11-07 00:00:00 UTC,429.81425209,73.2911,0.5596,
2014-11-08 00:00:00 UTC,387.48340906,38.075,6.3815,
2014-11-09 00:00:00 UTC,712.80421504,164.2963,0.4089,
2014-11-10 00:00:00 UTC,1405.1585261,55.5847,5.16,
2014-11-11 00:00:00 UTC,1532.1041915,64.1061,0.3489,
2014-11-12 00:00:00 UTC,1600.92235752,310.9206,1.0643,
2014-11-13 00:00:00 UTC,701.83495867,458.2571,5.2981,
2014-11-14 00:00:00 UTC,784.27300929,182.2266,0.342,
2014-11-15 00:00:00 UTC,422.85619469,73.389,4.5687,
2014-11-16 00:00:00 UTC,602.54601892,14.5746,,
2014-11-17 00:00:00 UTC,475.03917124,209.859,0.4894,
2014-11-18 00:00:00 UTC,571.16116941,62.2158,,
2014-11-19 00:00:00 UTC,606.35078118,78.4082,0.9236,
2014-11-20 00:00:00 UTC,399.19357626,95.7845,11.0,
2014-11-21 00:00:00 UTC,470.58130209,60.8814,10.8449,
2014-11-22 00:00:00 UTC,188.95566324,93.417,18.76,
2014-11-23 00:00:00 UTC,31.96440889,104.7311,,
2014-11-24 00:00:00 UTC,719.41467729,130.0134,3.9616,
2014-11-25 00:00:00 UTC,427.55038079,176.7406,0.3933,
2014-11-26 00:00:00 UTC,392.61402261,71.178,2.0321,
2014-11-27 00:00:00 UTC,712.21671771,22.7327,4.3481,
2014-11-28 00:00:00 UTC,1034.57864675,87.3363,3.5156,
2014-11-29 00:00:00 UTC,93.36220711,49.5893,,
2014-11-30 00:00:00 UTC,105.44814185,18.505,,
2014-12-01 00:00:00 UTC,1304.47332039,90.5029,2.9074,
2014-12-02 00:00:00 UTC,1171.42342647,113.9749,3.0,
2014-12-03 00:00:00 UTC,1111.29210316,158.0736,0.6492,
2014-12-04 00:00:00 UTC,867.86115421,77.8104,1.238,
2014-12-05 00:00:00 UTC,646.40196393,18.5073,0.6992,
2014-12-06 00:00:00 UTC,438.34101926,61.3443,,
2014-12-07 00:00:00 UTC,376.23034442,81.9778,,
2014-12-08 00:00:00 UTC,137.12949,62.6091,,
2014-12-09 00:00:00 UTC,,98.5204,3.7616,
2014-12-10 00:00:00 UTC,,100.2835,7.536,
2014-12-11 00:00:00 UTC,,157.6447,0.7644,
2014-12-12 00:00:00 UTC,,85.1839,,
2014-12-13 00:00:00 UTC,,8.7,0.6223,
2014-12-14 00:00:00 UTC,,2.1579,1.3137,
2014-12-15 00:00:00 UTC,251.54831765,96.845,3.6962,
2014-12-16 00:00:00 UTC,1021.09328987,90.2372,5.8281,
2014-12-17 00:00:00 UTC,1218.53294791,99.1915,2.7055,
2014-12-18 00:00:00 UTC,1277.45383206,176.5396,0.3773,
2014-12-19 00:00:00 UTC,1550.55829505,97.8586,0.2218,
2014-12-20 00:00:00 UTC,296.58439717,28.6221,,
2014-12-21 00:00:00 UTC,279.79450735,1.9201,7.6098,
2014-12-22 00:00:00 UTC,1575.94707361,93.5599,2.8311,
2014-12-23 00:00:00 UTC,561.78801509,76.7258,6.5454,
2014-12-24 00:00:00 UTC,707.02045092,41.9744,4.939,
2014-12-25 00:00:00 UTC,28.68984969,55.8894,3.0,
2014-12-26 00:00:00 UTC,234.09034606,28.6405,0.2145,
2014-12-27 00:00:00 UTC,227.08244211,70.677,0.6418,
2014-12-28 00:00:00 UTC,123.34980383,1.9814,4.778,
2014-12-29 00:00:00 UTC,1427.16783418,40.4067,,
2014-12-30 00:00:00 UTC,1087.25352906,56.3019,3.0617,
2014-12-31 00:00:00 UTC,971.5554618,43.3046,1.903,
2015-01-01 00:00:00 UTC,309.45380487,28.38,0.4385,
2015-01-02 00:00:00 UTC,1203.80804535,15.7801,0.4421,
2015-01-03 00:00:00 UTC,644.7686956,73.6684,,
2015-01-04 00:00:00 UTC,603.1823057,230.785,7.2728,
2015-01-05 00:00:00 UTC,591.40781241,147.6911,0.9594,
2015-01-06 00:00:00 UTC,1042.85760505,49.7127,0.67,
2015-01-07 00:00:00 UTC,746.06317675,126.5176,4.0476,
2015-01-08 00:00:00 UTC,1558.26312303,57.2978,0.845,
2015-01-09 00:00:00 UTC,1534.43443229,299.1064,0.5087,
2015-01-10 00:00:00 UTC,2037.75294803,134.1082,16.0112,
2015-01-11 00:00:00 UTC,1560.52100306,52.0261,,
2015-01-12 00:00:00 UTC,1640.38727367,206.4555,3.7246,
2015-01-13 00:00:00 UTC,2365.57298932,688.5137,19.8291,
2015-01-14 00:00:00 UTC,1780.39158248,692.2371,1.0144,
2015-01-15 00:00:00 UTC,1057.30990952,866.5309,1.9053,
2015-01-16 00:00:00 UTC,937.93447243,586.652,0.8357,
2015-01-17 00:00:00 UTC,1554.96381562,602.5372,6.291,
2015-01-18 00:00:00 UTC,813.4619162,340.6727,0.6973,
2015-01-19 00:00:00 UTC,1472.62159697,528.6291,0.4438,
2015-01-20 00:00:00 UTC,1150.23432927,258.2931,4.488,
2015-01-21 00:00:00 UTC,673.75248599,854.6402,12.7831,
2015-01-22 00:00:00 UTC,493.40801264,298.0262,0.5329,
2015-01-23 00:00:00 UTC,421.90953182,962.4926,10.3481,
2015-01-24 00:00:00 UTC,267.85275974,356.3665,2.9971,
2015-01-25 00:00:00 UTC,98.03491461,231.182,0.0862,
2015-01-26 00:00:00 UTC,1327.09140551,864.0099,5.1891,
2015-01-27 00:00:00 UTC,1038.29738462,1178.2385,0.0247,
2015-01-28 00:00:00 UTC,1165.47772447,780.9676,,
2015-01-29 00:00:00 UTC,676.22918558,705.6736,3.9516,
2015-01-30 00:00:00 UTC,1348.59827229,288.0718,1.6372,
2015-01-31 00:00:00 UTC,1223.01619037,515.3709,0.3236,
2015-02-01 00:00:00 UTC,1037.56054993,665.9261,1.2599,
2015-02-02 00:00:00 UTC,928.72584631,747.059,3.6026,
2015-02-03 00:00:00 UTC,722.67451331,404.6206,,
2015-02-04 00:00:00 UTC,757.99171928,373.211,0.5917,
2015-02-05 00:00:00 UTC,1896.71037996,173.4,2.7584,
2015-02-06 00:00:00 UTC,2067.13356276,692.9577,1.8475,
2015-02-07 00:00:00 UTC,837.33800699,187.634,1.8051,
2015-02-08 00:00:00 UTC,513.02934304,171.8896,4.245,
2015-02-09 00:00:00 UTC,902.70548544,165.3743,2.3058,
2015-02-10 00:00:00 UTC,768.58896883,436.818,,
2015-02-11 00:00:00 UTC,898.37775186,120.7051,1.973,
2015-02-12 00:00:00 UTC,983.86256802,163.7386,2.1602,
2015-02-13 00:00:00 UTC,697.26994095,50.4756,0.1149,
2015-02-14 00:00:00 UTC,474.24267388,382.1046,2.6748,
2015-02-15 00:00:00 UTC,478.00875901,112.1562,10.3321,
2015-02-16 00:00:00 UTC,710.08674231,29.1999,7.5324,
2015-02-17 00:00:00 UTC,10.56,44.8532,1.5565,
2015-02-18 00:00:00 UTC,598.48878842,74.3278,5.0731,
2015-02-19 00:00:00 UTC,1449.48745226,44.4179,2.0186,
2015-02-20 00:00:00 UTC,1619.76797539,117.9939,0.415,
2015-02-21 00:00:00 UTC,1749.58250173,126.7406,4.5675,
2015-02-22 00:00:00 UTC,1361.84397952,347.8447,0.1425,
2015-02-23 00:00:00 UTC,1149.88421771,85.5833,1.1532,
2015-02-24 00:00:00 UTC,1162.25075612,232.1146,1.2203,
2015-02-25 00:00:00 UTC,1088.00968449,63.7084,2.6,
2015-02-26 00:00:00 UTC,1024.26425559,71.7271,2.5146,
2015-02-27 00:00:00 UTC,1285.0345409,370.417,4.4213,
2015-02-28 00:00:00 UTC,858.51574335,67.9027,1.3274,
2015-03-01 00:00:00 UTC,715.43387091,47.7117,2.6565,
2015-03-02 00:00:00 UTC,1868.21093952,77.973,,
2015-03-03 00:00:00 UTC,1842.4580296,278.7081,20.0761,
2015-03-04 00:00:00 UTC,1452.78390921,832.2656,44.8537,
2015-03-05 00:00:00 UTC,1481.50751271,455.8166,3.5145,
2015-03-06 00:00:00 UTC,1587.79459622,922.2414,9.5413,
2015-03-07 00:00:00 UTC,1081.00787468,170.6803,0.0743,
2015-03-08 00:00:00 UTC,829.66705712,543.7419,5.0396,
2015-03-09 00:00:00 UTC,1291.61568635,1684.3815,30.9467,
2015-03-10 00:00:00 UTC,1800.31315515,1737.7242,1.6095,
2015-03-11 00:00:00 UTC,1454.72825413,607.0927,1.2158,
2015-03-12 00:00:00 UTC,1231.32889991,268.1152,0.3628,
2015-03-13 00:00:00 UTC,996.92376188,399.9411,5.9719,
2015-03-14 00:00:00 UTC,334.46909877,84.7744,5.5129,
2015-03-15 00:00:00 UTC,45.84684305,223.2417,6.1723,
2015-03-16 00:00:00 UTC,232.47755491,136.7735,0.3472,
2015-03-17 00:00:00 UTC,706.76897906,373.6133,0.5665,
2015-03-18 00:00:00 UTC,1729.40158202,471.4801,0.3047,
2015-03-19 00:00:00 UTC,1203.53252735,1513.96,0.2518,
2015-03-20 00:00:00 UTC,1619.93988758,291.4149,1.442,
2015-03-21 00:00:00 UTC,816.55452568,106.8699,0.5047,
2015-03-22 00:00:00 UTC,561.34242751,233.0476,10.4957,
2015-03-23 00:00:00 UTC,1251.95371784,245.1832,0.6713,
2015-03-24 00:00:00 UTC,799.0949811,791.2521,2.2118,
2015-03-25 00:00:00 UTC,251.27128425,1244.5754,0.4615,
2015-03-26 00:00:00 UTC,723.4680655,129.5647,0.0314,
2015-03-27 00:00:00 UTC,624.97188899,497.7349,3.1547,
2015-03-28 00:00:00 UTC,678.75620368,135.6184,0.5252,
2015-03-29 00:00:00 UTC,674.88584997,210.2598,4.0806,
2015-03-30 00:00:00 UTC,1249.45919282,671.532,5.2257,
2015-03-31 00:00:00 UTC,1511.81792553,259.5318,12.1057,
2015-04-01 00:00:00 UTC,1156.85174225,131.1211,0.5192,
2015-04-02 00:00:00 UTC,1399.01696963,1056.1501,7.5651,
2015-04-03 00:00:00 UTC,1566.32797428,67.3327,4.2513,
2015-04-04 00:00:00 UTC,930.80454286,14.9349,6.5027,
2015-04-05 00:00:00 UTC,797.17051492,639.2776,11.7555,
2015-04-06 00:00:00 UTC,1283.49171193,218.5587,2.8617,
2015-04-07 00:00:00 UTC,944.54210844,117.0937,1.3681,
2015-04-08 00:00:00 UTC,609.94697308,1171.2855,6.3407,
2015-04-09 00:00:00 UTC,122.71114316,602.6365,1.4265,
2015-04-10 00:00:00 UTC,266.51197907,784.6953,1.1586,
2015-04-11 00:00:00 UTC,39.06799016,186.3116,0.4255,
2015-04-12 00:00:00 UTC,952.43840297,336.8831,0.7711,
2015-04-13 00:00:00 UTC,921.3856478,397.5937,5.3584,
2015-04-14 00:00:00 UTC,675.28784415,593.9599,8.7275,
2015-04-15 00:00:00 UTC,213.72022034,1241.6841,7.3032,
2015-04-16 00:00:00 UTC,178.88285477,370.5393,5.0374,
2015-04-17 00:00:00 UTC,1240.51024903,234.1075,3.4097,
2015-04-18 00:00:00 UTC,871.24950717,154.5673,2.001,
2015-04-19 00:00:00 UTC,961.0690239,125.315,3.991,
2015-04-20 00:00:00 UTC,1157.6253166,262.0901,6.4398,
2015-04-21 00:00:00 UTC,1483.66428049,597.2012,11.4119,
2015-04-22 00:00:00 UTC,1056.91924983,206.1279,2.1639,
2015-04-23 00:00:00 UTC,1245.94095795,46.5108,2.3713,
2015-04-24 00:00:00 UTC,1285.45284375,94.6766,4.2151,
2015-04-25 00:00:00 UTC,899.76073713,163.3595,2.1789,
2015-04-26 00:00:00 UTC,1550.58653904,412.5606,9.7651,
2015-04-27 00:00:00 UTC,1485.0938482,1111.1864,0.4751,
2015-04-28 00:00:00 UTC,1513.03046154,348.1481,2.4946,
2015-04-29 00:00:00 UTC,872.49663789,544.7007,0.6969,
2015-04-30 00:00:00 UTC,1166.43280847,552.8477,0.7019,
2015-05-01 00:00:00 UTC,1287.86598236,135.7019,3.9717,
2015-05-02 00:00:00 UTC,544.49262095,183.7152,1.6263,
2015-05-03 00:00:00 UTC,453.93520386,64.1027,3.9745,
2015-05-04 00:00:00 UTC,572.12101516,211.0245,0.7528,
2015-05-05 00:00:00 UTC,911.07873253,86.1084,1.7284,
2015-05-06 00:00:00 UTC,567.66750139,178.4474,1.339,
2015-05-07 00:00:00 UTC,894.24113129,238.4219,3.4033,
2015-05-08 00:00:00 UTC,802.99984012,163.7269,6.6189,
2015-05-09 00:00:00 UTC,631.46156866,90.9915,1.2879,
2015-05-10 00:00:00 UTC,533.34604411,79.9198,9.3177,
2015-05-11 00:00:00 UTC,630.37715227,136.8591,6.1227,
2015-05-12 00:00:00 UTC,788.5820868,111.9709,2.7493,
2015-05-13 00:00:00 UTC,658.32306665,47.2661,5.9592,
2015-05-14 00:00:00 UTC,898.48343553,128.1894,4.7895,
2015-05-15 00:00:00 UTC,820.45622474,75.8146,5.8176,
2015-05-16 00:00:00 UTC,385.32133104,65.0261,9.6567,
2015-05-17 00:00:00 UTC,304.55232184,2.7655,3.6788,
2015-05-18 00:00:00 UTC,322.14999525,197.4831,8.9217,
2015-05-19 00:00:00 UTC,708.96346454,214.4103,6.7461,
2015-05-20 00:00:00 UTC,513.05006587,171.1187,16.1058,
2015-05-21 00:00:00 UTC,451.13325183,284.6874,11.261,
2015-05-22 00:00:00 UTC,569.11418038,121.2477,2.0769,
2015-05-23 00:00:00 UTC,664.79747301,65.1507,8.9158,
2015-05-24 00:00:00 UTC,295.43171733,5.7683,6.4865,
2015-05-25 00:00:00 UTC,404.26509494,186.7204,12.6235,
2015-05-26 00:00:00 UTC,510.15129466,283.3378,3.478,
2015-05-27 00:00:00 UTC,606.63755802,304.3499,10.2229,
2015-05-28 00:00:00 UTC,580.26284332,128.3497,1.8512,
2015-05-29 00:00:00 UTC,464.85853181,197.1429,1.3615,
2015-05-30 00:00:00 UTC,509.51351011,49.1359,1.6003,
2015-05-31 00:00:00 UTC,423.5348949,48.3616,3.4801,
2015-06-01 00:00:00 UTC,781.51675597,120.2445,0.9031,
2015-06-02 00:00:00 UTC,1053.82049662,180.2104,3.6804,
2015-06-03 00:00:00 UTC,720.43240402,307.1441,12.54,
2015-06-04 00:00:00 UTC,486.42521909,284.6619,3.6841,
2015-06-05 00:00:00 UTC,731.4700813,38.7692,1.0087,
2015-06-06 00:00:00 UTC,759.157127,21.8447,7.5573,
2015-06-07 00:00:00 UTC,426.43747634,12.7917,6.768,
2015-06-08 00:00:00 UTC,619.99864886,20.3003,4.4516,
2015-06-09 00:00:00 UTC,1260.150215,40.6916000000001,1.9006,
2015-06-10 00:00:00 UTC,925.82624944,70.2586,2.1906,
2015-06-11 00:00:00 UTC,1032.35031929,103.4919,1.5699,
2015-06-12 00:00:00 UTC,572.81919642,56.2821,2.6198,
2015-06-13 00:00:00 UTC,725.28266415,25.6193,2.4243,
2015-06-14 00:00:00 UTC,606.09671721,104.5577,2.0,
2015-06-15 00:00:00 UTC,967.83592561,164.148,0.0349,
2015-06-16 00:00:00 UTC,815.0829762,253.1282,4.2111,
2015-06-17 00:00:00 UTC,677.46424003,420.0287,2.3288,
2015-06-18 00:00:00 UTC,501.52641575,222.3293,9.6391,
2015-06-19 00:00:00 UTC,647.12673157,151.219,3.2628,
2015-06-20 00:00:00 UTC,385.02666209,81.6364,1.8387,
2015-06-21 00:00:00 UTC,326.45348899,117.5779,11.2222,
2015-06-22 00:00:00 UTC,684.24229283,305.3112,10.2441,
2015-06-23 00:00:00 UTC,1062.535753,212.514,3.0913,
2015-06-24 00:00:00 UTC,743.58838019,250.6319,3.2237,
2015-06-25 00:00:00 UTC,469.28924603,160.496,7.6831,
2015-06-26 00:00:00 UTC,559.15982565,272.7064,6.0455,
2015-06-27 00:00:00 UTC,632.34419856,55.7367,1.3987,
2015-06-28 00:00:00 UTC,793.97108766,109.9795,1.9621,
2015-06-29 00:00:00 UTC,800.41749523,273.8863,6.9837,
2015-06-30 00:00:00 UTC,145.55006934,1087.5009,8.0081,
2015-07-01 00:00:00 UTC,1071.37107615,390.8723,2.2187,
2015-07-02 00:00:00 UTC,986.69535698,187.3802,0.861,
2015-07-03 00:00:00 UTC,820.73784248,29.3689,2.5649,
2015-07-04 00:00:00 UTC,499.59558828,29.129,5.9486,
2015-07-05 00:00:00 UTC,900.78306221,417.4408,8.8628,
2015-07-06 00:00:00 UTC,1957.11227945,1378.2934,1.4683,
2015-07-07 00:00:00 UTC,1447.58273004,187.979,9.4936,
2015-07-08 00:00:00 UTC,1076.81173052,374.5173,8.5481,
2015-07-09 00:00:00 UTC,1165.70799562,466.537,8.9012,
2015-07-10 00:00:00 UTC,1345.19278862,1862.2839,6.9254,
2015-07-11 00:00:00 UTC,796.46463806,1785.5516,10.3272,
2015-07-12 00:00:00 UTC,676.17410963,2142.7886,2.7857,
2015-07-13 00:00:00 UTC,608.59084948,667.111,7.9342,
2015-07-14 00:00:00 UTC,988.14969888,552.1127,5.0416,
2015-07-15 00:00:00 UTC,887.10432068,311.5006,2.3698,
2015-07-16 00:00:00 UTC,1462.86124014,520.1109,10.6586,
2015-07-17 00:00:00 UTC,1500.61903532,180.4868,10.427,
2015-07-18 00:00:00 UTC,867.83342524,44.7301,1.3568,
2015-07-19 00:00:00 UTC,581.23152032,35.4513,6.2127,
2015-07-20 00:00:00 UTC,591.21510998,1060.7006,8.0253,
2015-07-21 00:00:00 UTC,685.50613271,821.0771,15.7729,
2015-07-22 00:00:00 UTC,499.61674111,839.1216,6.4071,
2015-07-23 00:00:00 UTC,600.74113871,672.1289,4.4741,
2015-07-24 00:00:00 UTC,737.77502621,385.6884,12.2718,
2015-07-25 00:00:00 UTC,973.45729275,751.1424,12.0604,
2015-07-26 00:00:00 UTC,539.05921345,13.8212,12.7592,
2015-07-27 00:00:00 UTC,636.51429322,819.3507,5.7578,
2015-07-28 00:00:00 UTC,1088.00496362,217.0529,4.7738,
2015-07-29 00:00:00 UTC,980.83070878,136.86,1.3628,
2015-07-30 00:00:00 UTC,696.86765168,1016.0267,1.9621,
2015-07-31 00:00:00 UTC,861.78554487,417.015,2.118,
2015-08-01 00:00:00 UTC,841.37021012,657.1379,5.5075,
2015-08-02 00:00:00 UTC,517.19747575,121.7383,13.3399,
2015-08-03 00:00:00 UTC,598.75498198,163.6868,1.513,
2015-08-04 00:00:00 UTC,627.46154557,497.2913,2.3644,
2015-08-05 00:00:00 UTC,605.35390962,821.8107,1.2037,
2015-08-06 00:00:00 UTC,527.54233258,90.4649,6.3626,
2015-08-07 00:00:00 UTC,668.56861837,295.0123,4.5564,
2015-08-08 00:00:00 UTC,640.07152139,91.4467,3.3545,
2015-08-09 00:00:00 UTC,897.6932918,252.399,2.0112,
2015-08-10 00:00:00 UTC,782.73185887,154.7846,2.2499,
2015-08-11 00:00:00 UTC,779.13600988,96.8959,3.7617,
2015-08-12 00:00:00 UTC,908.3017979,123.2958,7.8518,
2015-08-13 00:00:00 UTC,790.22395114,997.1097,7.8476,
2015-08-14 00:00:00 UTC,897.91286016,322.6463,6.5974,
2015-08-15 00:00:00 UTC,600.24798807,429.3015,2.7695,
2015-08-16 00:00:00 UTC,827.33954602,620.6551,4.7745,
2015-08-17 00:00:00 UTC,834.59277718,393.0448,0.9948,
2015-08-18 00:00:00 UTC,832.42678222,2528.3957,1.3767,
2015-08-19 00:00:00 UTC,675.63468331,657.9737,13.9573,
2015-08-20 00:00:00 UTC,361.92140057,131.182,11.2431,
2015-08-21 00:00:00 UTC,719.856432,314.3142,11.41,
2015-08-22 00:00:00 UTC,591.98222355,132.6283,1.1449,
2015-08-23 00:00:00 UTC,53.83625352,156.3631,8.0325,
2015-08-24 00:00:00 UTC,418.98570722,504.1426,6.598,
2015-08-25 00:00:00 UTC,264.30186053,1201.4873,2.7454,
2015-08-26 00:00:00 UTC,1421.16527151,131.9915,11.3555,
2015-08-27 00:00:00 UTC,1244.5333876,610.8977,2.3471,
2015-08-28 00:00:00 UTC,1135.99453461,760.209,6.9577,
2015-08-29 00:00:00 UTC,1478.51008396,281.0369,4.1215,
2015-08-30 00:00:00 UTC,824.87178745,28.8706,1.1469,
2015-08-31 00:00:00 UTC,181.98755179,668.464,19.9524,
2015-09-01 00:00:00 UTC,1280.86795239,941.3554,19.6406,
2015-09-02 00:00:00 UTC,1323.16193716,503.4801,3.5467,
2015-09-03 00:00:00 UTC,1315.27858781,698.6473,1.4381,
2015-09-04 00:00:00 UTC,1662.70984909,161.788,1.8617,
2015-09-05 00:00:00 UTC,1377.9043439,271.7243,2.5886,
2015-09-06 00:00:00 UTC,1553.65427228,48.0709,2.1696,
2015-09-07 00:00:00 UTC,1084.66915736,109.748,1.7862,
2015-09-08 00:00:00 UTC,1658.3566963,60.8254,3.3465,
2015-09-09 00:00:00 UTC,1306.55320395,40.4243,3.7542,
2015-09-10 00:00:00 UTC,1664.69336529,301.4774,3.8703,
2015-09-11 00:00:00 UTC,616.15704893,259.0836,2.9404,
2015-09-12 00:00:00 UTC,190.29521734,46.0798,21.6102,
2015-09-13 00:00:00 UTC,98.18148861,91.3588,5.1054,
2015-09-14 00:00:00 UTC,161.45698304,496.7915,1.1879,
2015-09-15 00:00:00 UTC,218.14463484,318.4049,38.9845,
2015-09-16 00:00:00 UTC,218.43498031,430.0783,4.2467,
2015-09-17 00:00:00 UTC,585.71436765,304.4537,4.389,
2015-09-18 00:00:00 UTC,896.70340672,276.1113,17.8929,
2015-09-19 00:00:00 UTC,723.52527169,6.9079,1.8258,
2015-09-20 00:00:00 UTC,519.46822962,126.1059,1.9547,
2015-09-21 00:00:00 UTC,639.69918587,106.9493,13.2103,
2015-09-22 00:00:00 UTC,1147.51991396,323.1282,2.1482,
2015-09-23 00:00:00 UTC,1011.42232597,397.4338,2.9581,
2015-09-24 00:00:00 UTC,1139.43789501,122.8867,5.3123,
2015-09-25 00:00:00 UTC,1153.49509588,178.6241,43.2639,
2015-09-26 00:00:00 UTC,817.3339773,54.4398,23.8342,
2015-09-27 00:00:00 UTC,736.52071507,266.081,2.2203,
2015-09-28 00:00:00 UTC,987.8183807,352.7958,3.2133,
2015-09-29 00:00:00 UTC,1267.05143242,442.2125,4.6672,
2015-09-30 00:00:00 UTC,772.71021781,150.546,3.2773,
2015-10-01 00:00:00 UTC,649.83082841,325.9292,17.6758,
2015-10-02 00:00:00 UTC,900.88885022,252.9727,5.8662,
2015-10-03 00:00:00 UTC,1060.57423117,164.7005,1.3706,
2015-10-04 00:00:00 UTC,811.9107849,26.8749,1.1896,
2015-10-05 00:00:00 UTC,894.36952735,208.5826,0.1257,
2015-10-06 00:00:00 UTC,889.63896188,382.4024,2.7044,
2015-10-07 00:00:00 UTC,1174.21008565,381.2834,3.3991,
2015-10-08 00:00:00 UTC,1645.54772449,310.07,1.235,
2015-10-09 00:00:00 UTC,1067.86978215,371.7844,3.5277,
2015-10-10 00:00:00 UTC,311.82803272,72.3184,1.565,
2015-10-11 00:00:00 UTC,,60.2085,37.708,
2015-10-12 00:00:00 UTC,,424.3622,7.7372,
2015-10-13 00:00:00 UTC,,217.9939,1.3419,
2015-10-14 00:00:00 UTC,,222.2932,8.7679,
2015-10-15 00:00:00 UTC,,166.5798,2.5985,
2015-10-16 00:00:00 UTC,,236.851,77.8625,
2015-10-17 00:00:00 UTC,,291.7316,28.4381,
2015-10-18 00:00:00 UTC,,186.87,3.0996,
2015-10-19 00:00:00 UTC,,780.1417,2.4804,
2015-10-20 00:00:00 UTC,,848.3745,7.3804,
2015-10-21 00:00:00 UTC,,932.3146,10.7379,
2015-10-22 00:00:00 UTC,,560.4771,7.7109,
2015-10-23 00:00:00 UTC,,630.0257,4.3782,
2015-10-24 00:00:00 UTC,,71.3127,1.2309,
2015-10-25 00:00:00 UTC,,179.7543,1.0121,
2015-10-26 00:00:00 UTC,,643.0515,5.2932,
2015-10-27 00:00:00 UTC,,824.6329,9.3962,
2015-10-28 00:00:00 UTC,,938.6151,10.0797,
2015-10-29 00:00:00 UTC,,1296.8974,55.9778,
2015-10-30 00:00:00 UTC,,2842.1816,6.8004,
2015-10-31 00:00:00 UTC,,2080.6406,0.2086,
2015-11-01 00:00:00 UTC,,283.2996,1.0301,
2015-11-02 00:00:00 UTC,,2718.1063,2.3715,
2015-11-03 00:00:00 UTC,,6138.7912,59.5612,
2015-11-04 00:00:00 UTC,,8019.0453,10.5168,
2015-11-05 00:00:00 UTC,,4347.3439,2.7891,
2015-11-06 00:00:00 UTC,,3712.5525,4.7111,
2015-11-07 00:00:00 UTC,,755.9917,27.5463,
2015-11-08 00:00:00 UTC,,472.4118,10.5292,
2015-11-09 00:00:00 UTC,,3148.3223,13.0991,
2015-11-10 00:00:00 UTC,,1231.6249,13.9478,
2015-11-11 00:00:00 UTC,,4051.9257,2.3106,
2015-11-12 00:00:00 UTC,,1373.3206,1.3746,
2015-11-13 00:00:00 UTC,,722.2443,6.2762,
2015-11-14 00:00:00 UTC,,817.6843,7.5874,
2015-11-15 00:00:00 UTC,,345.7265,17.8032,
2015-11-16 00:00:00 UTC,,1104.0167,3.5167,
2015-11-17 00:00:00 UTC,,1542.3309,6.6037,
2015-11-18 00:00:00 UTC,,839.4072,8.9777,
2015-11-19 00:00:00 UTC,,705.5538,7.808,
2015-11-20 00:00:00 UTC,,357.6845,2.2425,
2015-11-21 00:00:00 UTC,,81.196,9.3446,
2015-11-22 00:00:00 UTC,,21.6353,4.3365,
2015-11-23 00:00:00 UTC,,160.23,27.7128,
2015-11-24 00:00:00 UTC,,61.4808,22.2235,
2015-11-25 00:00:00 UTC,,550.5731,11.2143,
2015-11-26 00:00:00 UTC,,758.7794,2.5419,
2015-11-27 00:00:00 UTC,,692.6992,1.1521,
2015-11-28 00:00:00 UTC,,167.5999,3.1313,
2015-11-29 00:00:00 UTC,,87.5766,1.5082,
2015-11-30 00:00:00 UTC,,332.8474,1.9098,
2015-12-01 00:00:00 UTC,,364.632,1.0352,
2015-12-02 00:00:00 UTC,,90.9668,9.6588,
2015-12-03 00:00:00 UTC,,309.8102,28.7556,
2015-12-04 00:00:00 UTC,,91.4756,1.9908,
2015-12-05 00:00:00 UTC,,306.4711,2.2968,
2015-12-06 00:00:00 UTC,,330.6654,10.6926,
2015-12-07 00:00:00 UTC,,587.8229,19.5515,
2015-12-08 00:00:00 UTC,,246.0658,1.4258,
2015-12-09 00:00:00 UTC,,414.5495,0.6088,
2015-12-10 00:00:00 UTC,,235.0939,11.8582,
2015-12-11 00:00:00 UTC,,285.9117,8.3302,
2015-12-12 00:00:00 UTC,,525.7564,3.3408,
2015-12-13 00:00:00 UTC,,420.9341,12.7953,
2015-12-14 00:00:00 UTC,,425.6514,2.7898,
2015-12-15 00:00:00 UTC,,432.0029,6.2155,
2015-12-16 00:00:00 UTC,,555.183,13.6491,
2015-12-17 00:00:00 UTC,,190.0,6.7181,
2015-12-18 00:00:00 UTC,,252.9834,16.2295,
2015-12-19 00:00:00 UTC,,73.841,1.5677,
2015-12-20 00:00:00 UTC,,154.9252,0.9094,
2015-12-21 00:00:00 UTC,,265.6805,16.4287,
2015-12-22 00:00:00 UTC,,213.9867,28.8873,
2015-12-23 00:00:00 UTC,,157.0895,24.8432,
2015-12-24 00:00:00 UTC,,112.9692,25.7689,
2015-12-25 00:00:00 UTC,,49.0085,1.7961,
2015-12-26 00:00:00 UTC,,1008.0679,2.4207,
2015-12-27 00:00:00 UTC,,314.4124,0.8617,
2015-12-28 00:00:00 UTC,,366.1546,45.4236,
2015-12-29 00:00:00 UTC,,312.8937,84.4084,
2015-12-30 00:00:00 UTC,,91.4661,22.9087,
2015-12-31 00:00:00 UTC,,123.2291,26.8732,
2016-01-01 00:00:00 UTC,,143.1754,17.4009,
2016-01-02 00:00:00 UTC,,45.1831,2.7528,
2016-01-03 00:00:00 UTC,,77.447,1.8413,
2016-01-04 00:00:00 UTC,,179.3485,37.2316,
2016-01-05 00:00:00 UTC,,205.4774,8.1802,
2016-01-06 00:00:00 UTC,,240.3967,0.3607,
2016-01-07 00:00:00 UTC,,420.4484,11.8421,
2016-01-08 00:00:00 UTC,,243.3713,6.3513,
2016-01-09 00:00:00 UTC,,249.1921,1.5913,
2016-01-10 00:00:00 UTC,,445.428,22.8344,
2016-01-11 00:00:00 UTC,,463.5998,20.1531,
2016-01-12 00:00:00 UTC,,232.7235,0.8469,
2016-01-13 00:00:00 UTC,,788.5203,9.6124,
2016-01-14 00:00:00 UTC,,219.5861,0.4426,
2016-01-15 00:00:00 UTC,,1421.2739,0.5632,
2016-01-16 00:00:00 UTC,,548.7494,19.5924,
2016-01-17 00:00:00 UTC,,89.8558,6.4884,
2016-01-18 00:00:00 UTC,,355.1137,9.3867,
2016-01-19 00:00:00 UTC,,222.9528,21.472,
2016-01-20 00:00:00 UTC,,203.0628,4.4113,
2016-01-21 00:00:00 UTC,,272.6733,10.6445,
2016-01-22 00:00:00 UTC,,120.1805,1.8158,
2016-01-23 00:00:00 UTC,,187.773,1.9343,
2016-01-24 00:00:00 UTC,,68.9486,2.7554,
2016-01-25 00:00:00 UTC,,144.5246,1.817,
2016-01-26 00:00:00 UTC,,186.3494,1.3093,
2016-01-27 00:00:00 UTC,,235.0259,4.8621,
2016-01-28 00:00:00 UTC,,302.008,3.7002,
2016-01-29 00:00:00 UTC,,370.3885,4.3741,
2016-01-30 00:00:00 UTC,,203.767,0.9758,
2016-01-31 00:00:00 UTC,,163.7167,3.0033,
2016-02-01 00:00:00 UTC,,756.8152,1.8263,
2016-02-02 00:00:00 UTC,,1353.4045,17.6402,
2016-02-03 00:00:00 UTC,,276.7629,7.8263,
2016-02-04 00:00:00 UTC,,355.9338,21.0148,
2016-02-05 00:00:00 UTC,,1060.5689,4.2432,
2016-02-06 00:00:00 UTC,,218.1524,1.2566,
2016-02-07 00:00:00 UTC,,135.854,0.5786,
2016-02-08 00:00:00 UTC,,65.38,3.7427,
2016-02-09 00:00:00 UTC,,398.5529,2.7829,
2016-02-10 00:00:00 UTC,,439.8075,4.2418,
2016-02-11 00:00:00 UTC,,1551.499,10.1286,
2016-02-12 00:00:00 UTC,,2298.0692,4.0877,
2016-02-13 00:00:00 UTC,,723.2992,2.2049,
2016-02-14 00:00:00 UTC,,786.3693,0.5359,
2016-02-15 00:00:00 UTC,,2246.221,3.6397,
2016-02-16 00:00:00 UTC,,2228.7623,1.5743,
2016-02-17 00:00:00 UTC,,1131.6211,2.0422,
2016-02-18 00:00:00 UTC,,724.1885,2.7999,
2016-02-19 00:00:00 UTC,,330.3589,8.973,
2016-02-20 00:00:00 UTC,,609.5481,2.035,
2016-02-21 00:00:00 UTC,,309.7113,7.5148,
2016-02-22 00:00:00 UTC,,286.4588,11.6538,
2016-02-23 00:00:00 UTC,,555.4723,5.7232,
2016-02-24 00:00:00 UTC,,179.996,5.6801,
2016-02-25 00:00:00 UTC,,161.6749,2.5092,
2016-02-26 00:00:00 UTC,,178.0588,0.8025,
2016-02-27 00:00:00 UTC,,141.9044,1.7771,
2016-02-28 00:00:00 UTC,,264.0388,0.0531,
2016-02-29 00:00:00 UTC,,1011.589,1.1923,
2016-03-01 00:00:00 UTC,,490.6247,16.5738,
2016-03-02 00:00:00 UTC,,402.378,5.54,
2016-03-03 00:00:00 UTC,,153.1114,4.5913,
2016-03-04 00:00:00 UTC,,222.5304,5.4992,
2016-03-05 00:00:00 UTC,,476.1608,0.631,
2016-03-06 00:00:00 UTC,,188.7892,1.8093,
2016-03-07 00:00:00 UTC,,2196.5618,3.5695,
2016-03-08 00:00:00 UTC,,267.7197,1.8557,
2016-03-09 00:00:00 UTC,,212.9617,8.1127,
2016-03-10 00:00:00 UTC,,298.5355,9.2569,
2016-03-11 00:00:00 UTC,,473.6494,4.3503,
2016-03-12 00:00:00 UTC,,107.1033,4.4433,
2016-03-13 00:00:00 UTC,,133.7291,2.6474,
2016-03-14 00:00:00 UTC,,303.9714,1.3349,
2016-03-15 00:00:00 UTC,,125.8992,3.8843,
2016-03-16 00:00:00 UTC,,194.8237,2.1381,
2016-03-17 00:00:00 UTC,,353.0004,1.0106,
2016-03-18 00:00:00 UTC,,357.4274,2.2662,
2016-03-19 00:00:00 UTC,,133.9641,3.5049,
2016-03-20 00:00:00 UTC,,98.6432,1.3109,
2016-03-21 00:00:00 UTC,,207.6182,7.1581,
2016-03-22 00:00:00 UTC,,245.9433,0.6645,
2016-03-23 00:00:00 UTC,,186.6491,2.7509,
2016-03-24 00:00:00 UTC,,166.3311,2.9105,
2016-03-25 00:00:00 UTC,,149.4638,1.4693,
2016-03-26 00:00:00 UTC,,75.0576,2.2914,
2016-03-27 00:00:00 UTC,,472.5396,1.4923,
2016-03-28 00:00:00 UTC,,332.9332,0.9095,
2016-03-29 00:00:00 UTC,,769.978,4.0309,
2016-03-30 00:00:00 UTC,,768.9734,1.727,
2016-03-31 00:00:00 UTC,,337.0276,6.164,
2016-04-01 00:00:00 UTC,,324.132,7.8244,
2016-04-02 00:00:00 UTC,,115.7282,1.1112,
2016-04-03 00:00:00 UTC,,132.4542,2.1104,
2016-04-04 00:00:00 UTC,,245.1583,9.3826,
2016-04-05 00:00:00 UTC,,289.1818,6.9567,
2016-04-06 00:00:00 UTC,,1126.1843,2.5892,
2016-04-07 00:00:00 UTC,,876.2948,1.0369,
2016-04-08 00:00:00 UTC,,1211.8621,6.6095,
2016-04-09 00:00:00 UTC,,,2.1007,
2016-04-10 00:00:00 UTC,,,2.8222,
2016-04-11 00:00:00 UTC,,,1.7022,
2016-04-12 00:00:00 UTC,,,3.218,
2016-04-13 00:00:00 UTC,,,1.7231,
2016-04-14 00:00:00 UTC,,,1.6397,
2016-04-15 00:00:00 UTC,,,1.3802,
2016-04-16 00:00:00 UTC,,,3.5751,
2016-04-17 00:00:00 UTC,,,0.7482,
2016-04-18 00:00:00 UTC,,,9.2784,
2016-04-19 00:00:00 UTC,,,0.2028,
2016-04-20 00:00:00 UTC,,,5.3308,
2016-04-21 00:00:00 UTC,,,11.583,
2016-04-22 00:00:00 UTC,,,1.3698,
2016-04-23 00:00:00 UTC,,,24.8867,
2016-04-24 00:00:00 UTC,,,4.3987,
2016-04-25 00:00:00 UTC,,,2.076,
2016-04-26 00:00:00 UTC,,,14.1747,
2016-04-27 00:00:00 UTC,,,20.285,
2016-04-28 00:00:00 UTC,,,11.0525,
2016-04-29 00:00:00 UTC,,,1.376,
2016-04-30 00:00:00 UTC,,,0.3593,
2016-05-01 00:00:00 UTC,,,2.982,
2016-05-02 00:00:00 UTC,,,1.1228,
2016-05-03 00:00:00 UTC,,,1.7048,
2016-05-04 00:00:00 UTC,,,3.3622,
2016-05-05 00:00:00 UTC,,,1.1793,
2016-05-06 00:00:00 UTC,,,4.1728,
2016-05-07 00:00:00 UTC,,,4.4253,
2016-05-08 00:00:00 UTC,,,0.6133,
2016-05-09 00:00:00 UTC,,,0.5442,
2016-05-10 00:00:00 UTC,,,0.1379,
2016-05-11 00:00:00 UTC,,,13.8944,
2016-05-12 00:00:00 UTC,,,0.171,
2016-05-13 00:00:00 UTC,,,5.7061,
2016-05-14 00:00:00 UTC,,,2.3668,
2016-05-15 00:00:00 UTC,,,2.5025,
2016-05-16 00:00:00 UTC,,400.2079,0.8303,
2016-05-17 00:00:00 UTC,,444.6649,1.0317,
2016-05-18 00:00:00 UTC,,291.4372,2.0624,
2016-05-19 00:00:00 UTC,,662.3325,3.7984,
2016-05-20 00:00:00 UTC,,555.4828,2.2677,
2016-05-21 00:00:00 UTC,,49.8594,1.4708,
2016-05-22 00:00:00 UTC,,71.3121,2.1602,
2016-05-23 00:00:00 UTC,,202.4179,1.8189,
2016-05-24 00:00:00 UTC,,410.602,2.7424,
2016-05-25 00:00:00 UTC,,1070.7516,2.7619,
2016-05-26 00:00:00 UTC,,686.2875,1.7579,
2016-05-27 00:00:00 UTC,,3079.5867,2.5763,
2016-05-28 00:00:00 UTC,,2649.2283,5.8867,
2016-05-29 00:00:00 UTC,,6070.8724,1.2051,
2016-05-30 00:00:00 UTC,,7220.8627,10.321,
2016-05-31 00:00:00 UTC,,2654.827,1.5575,
2016-06-01 00:00:00 UTC,,1837.8728,3.128,
2016-06-02 00:00:00 UTC,,508.4866,2.2613,
2016-06-03 00:00:00 UTC,,1202.8871,2.0972,
2016-06-04 00:00:00 UTC,,4379.1227,0.44,
2016-06-05 00:00:00 UTC,,1851.4505,0.4563,
2016-06-06 00:00:00 UTC,,779.8801,3.5348,
2016-06-07 00:00:00 UTC,,2210.0492,6.4556,
2016-06-08 00:00:00 UTC,,1146.9892,10.976,
2016-06-09 00:00:00 UTC,,1280.8187,2.2364,
2016-06-10 00:00:00 UTC,,1100.6183,10.9646,
2016-06-11 00:00:00 UTC,,1299.736,10.5956,
2016-06-12 00:00:00 UTC,,3322.4207,4.2892,
2016-06-13 00:00:00 UTC,,3365.4874,4.4026,
2016-06-14 00:00:00 UTC,,969.4334,1.6083,
2016-06-15 00:00:00 UTC,,1537.3156,4.8756,
2016-06-16 00:00:00 UTC,,1589.678,3.7448,
2016-06-17 00:00:00 UTC,,1411.8636,8.8204,
2016-06-18 00:00:00 UTC,,604.3087,4.041,
2016-06-19 00:00:00 UTC,,256.1856,1.8215,
2016-06-20 00:00:00 UTC,,2908.7178,23.3292,
2016-06-21 00:00:00 UTC,,885.5963,4.4759,
2016-06-22 00:00:00 UTC,,1920.2343,9.8699,
2016-06-23 00:00:00 UTC,,4243.3542,3.0537,
2016-06-24 00:00:00 UTC,,4444.268,11.6082,
2016-06-25 00:00:00 UTC,,6271.4927,2.4852,
2016-06-26 00:00:00 UTC,,1600.2278,0.9882,
2016-06-27 00:00:00 UTC,,1508.2066,12.9138,
2016-06-28 00:00:00 UTC,,713.3458,4.612,
2016-06-29 00:00:00 UTC,,965.095,5.2883,
2016-06-30 00:00:00 UTC,,1566.5939,7.4775,
2016-07-01 00:00:00 UTC,,1332.6361,9.3554,
2016-07-02 00:00:00 UTC,,286.901,1.717,
2016-07-03 00:00:00 UTC,,371.5293,3.4336,
2016-07-04 00:00:00 UTC,,381.4744,10.0543,
2016-07-05 00:00:00 UTC,,768.3155,1.2835,
2016-07-06 00:00:00 UTC,,88.8495,2.4606,
2016-07-07 00:00:00 UTC,,709.4839,3.1781,
2016-07-08 00:00:00 UTC,,372.5305,8.9247,
2016-07-09 00:00:00 UTC,,456.1346,3.1893,
2016-07-10 00:00:00 UTC,,166.4457,2.779,
2016-07-11 00:00:00 UTC,,559.4869,20.6975,
2016-07-12 00:00:00 UTC,,674.4929,18.3856,
2016-07-13 00:00:00 UTC,,1186.9289,9.5993,
2016-07-14 00:00:00 UTC,,313.1314,3.9038,
2016-07-15 00:00:00 UTC,,239.709,1.4118,
2016-07-16 00:00:00 UTC,,52.5309,0.7747,
2016-07-17 00:00:00 UTC,,117.6163,1.386,
2016-07-18 00:00:00 UTC,,401.3252,1.1544,
2016-07-19 00:00:00 UTC,,355.5999,4.9159,
2016-07-20 00:00:00 UTC,,779.1516,1.012,
2016-07-21 00:00:00 UTC,,1394.4666,1.2383,
2016-07-22 00:00:00 UTC,,711.7541,6.767,
2016-07-23 00:00:00 UTC,,118.5578,0.7985,
2016-07-24 00:00:00 UTC,,79.7766,4.0091,
2016-07-25 00:00:00 UTC,,140.9275,0.3877,
2016-07-26 00:00:00 UTC,,412.3727,0.9498,
2016-07-27 00:00:00 UTC,,760.9293,0.709,
2016-07-28 00:00:00 UTC,,456.199,0.5467,
2016-07-29 00:00:00 UTC,,446.849,1.3276,
2016-07-30 00:00:00 UTC,,63.7085,1.865,
2016-07-31 00:00:00 UTC,,74.0944,0.4834,
2016-08-01 00:00:00 UTC,,182.1843,8.1792,
2016-08-02 00:00:00 UTC,,817.1792,16.5507,
2016-08-03 00:00:00 UTC,,1324.7736,19.9747,
2016-08-04 00:00:00 UTC,,2185.4195,0.645,
2016-08-05 00:00:00 UTC,,1414.2657,2.4519,
2016-08-06 00:00:00 UTC,,89.0225,2.063,
2016-08-07 00:00:00 UTC,,78.4161,2.1267,
2016-08-08 00:00:00 UTC,,440.1766,7.1243,
2016-08-09 00:00:00 UTC,,384.0448,13.3862,
2016-08-10 00:00:00 UTC,,278.6682,1.6551,
2016-08-11 00:00:00 UTC,,300.1108,2.7541,
2016-08-12 00:00:00 UTC,,396.3033,2.1858,
2016-08-13 00:00:00 UTC,,98.7219,6.897,
2016-08-14 00:00:00 UTC,,77.2702,4.2073,
2016-08-15 00:00:00 UTC,,352.256,2.2535,
2016-08-16 00:00:00 UTC,,59.3595,1.315,
2016-08-17 00:00:00 UTC,,449.0662,2.5014,
2016-08-18 00:00:00 UTC,,341.8894,11.2818,
2016-08-19 00:00:00 UTC,,484.9757,2.1491,
2016-08-20 00:00:00 UTC,,172.3861,1.1139,
2016-08-21 00:00:00 UTC,,315.6308,2.0389,
2016-08-22 00:00:00 UTC,,848.6558,11.3103,
2016-08-23 00:00:00 UTC,,546.3786,12.7393,
2016-08-24 00:00:00 UTC,,476.5638,3.9734,
2016-08-25 00:00:00 UTC,,823.4715,3.4755,
2016-08-26 00:00:00 UTC,,363.6436,0.9302,
2016-08-27 00:00:00 UTC,,187.6431,0.0798,
2016-08-28 00:00:00 UTC,,351.9624,3.3006,
2016-08-29 00:00:00 UTC,,1192.5092,1.8465,
2016-08-30 00:00:00 UTC,,339.5639,5.5296,
2016-08-31 00:00:00 UTC,,688.3124,15.2433,
2016-09-01 00:00:00 UTC,,680.6293,7.9262,
2016-09-02 00:00:00 UTC,,312.821,5.2571,
2016-09-03 00:00:00 UTC,,141.6087,1.3379,
2016-09-04 00:00:00 UTC,,822.6318,4.8488,
2016-09-05 00:00:00 UTC,,394.0121,5.5742,
2016-09-06 00:00:00 UTC,,328.5862,4.6371,
2016-09-07 00:00:00 UTC,,376.1119,1.253,
2016-09-08 00:00:00 UTC,,219.0569,2.4516,
2016-09-09 00:00:00 UTC,,327.3751,6.1444,
2016-09-10 00:00:00 UTC,,174.9681,0.4554,
2016-09-11 00:00:00 UTC,,88.3273,2.0948,
2016-09-12 00:00:00 UTC,,284.4818,3.4198,
2016-09-13 00:00:00 UTC,,177.4929,4.4996,
2016-09-14 00:00:00 UTC,,335.1462,1.6612,
2016-09-15 00:00:00 UTC,,202.4797,0.8232,
2016-09-16 00:00:00 UTC,,675.2978,7.119,
2016-09-17 00:00:00 UTC,,144.4804,0.5747,
2016-09-18 00:00:00 UTC,,119.7198,9.3551,
2016-09-19 00:00:00 UTC,,214.5678,4.2882,
2016-09-20 00:00:00 UTC,,274.7265,13.4026,
2016-09-21 00:00:00 UTC,,299.382,6.4565,
2016-09-22 00:00:00 UTC,,199.9672,1.3176,
2016-09-23 00:00:00 UTC,,320.9871,0.4772,
2016-09-24 00:00:00 UTC,,86.6666,7.2493,
2016-09-25 00:00:00 UTC,,90.9709,0.2343,
2016-09-26 00:00:00 UTC,,318.4135,1.9072,
2016-09-27 00:00:00 UTC,,134.7165,0.6918,
2016-09-28 00:00:00 UTC,,379.6224,1.7853,
2016-09-29 00:00:00 UTC,,368.5871,2.142,
2016-09-30 00:00:00 UTC,,256.7765,4.4273,
2016-10-01 00:00:00 UTC,,169.7463,8.648,
2016-10-02 00:00:00 UTC,,73.8474,2.7558,
2016-10-03 00:00:00 UTC,,123.1357,2.4578,
2016-10-04 00:00:00 UTC,,131.6251,4.6434,
2016-10-05 00:00:00 UTC,,271.4269,0.8033,
2016-10-06 00:00:00 UTC,,259.6654,3.671,
2016-10-07 00:00:00 UTC,,418.195,1.5596,
2016-10-08 00:00:00 UTC,,241.2759,5.8849,
2016-10-09 00:00:00 UTC,,206.3894,0.5542,
2016-10-10 00:00:00 UTC,,506.989,5.2184,
2016-10-11 00:00:00 UTC,,713.3332,3.8955,
2016-10-12 00:00:00 UTC,,308.7621,3.502,
2016-10-13 00:00:00 UTC,,397.789,3.5734,
2016-10-14 00:00:00 UTC,,389.3842,6.9944,
2016-10-15 00:00:00 UTC,,96.8599,,
2016-10-16 00:00:00 UTC,,158.9227,5.2643,
2016-10-17 00:00:00 UTC,,267.2253,5.7673,
2016-10-18 00:00:00 UTC,,316.3216,4.0848,
2016-10-19 00:00:00 UTC,,413.443,1.4084,
2016-10-20 00:00:00 UTC,,694.4764,1.1592,
2016-10-21 00:00:00 UTC,,552.4095,4.2265,
2016-10-22 00:00:00 UTC,,434.1904,,
2016-10-23 00:00:00 UTC,,156.0135,3.1343,
2016-10-24 00:00:00 UTC,,1144.2479,1.4674,
2016-10-25 00:00:00 UTC,,572.9596,4.2155,
2016-10-26 00:00:00 UTC,,640.531,14.1196,
2016-10-27 00:00:00 UTC,,466.8922,3.3909,
2016-10-28 00:00:00 UTC,,261.3884,1.8972,
2016-10-29 00:00:00 UTC,,645.689,0.8541,
2016-10-30 00:00:00 UTC,,117.9619,1.221,
2016-10-31 00:00:00 UTC,,494.3774,0.2815,
2016-11-01 00:00:00 UTC,,674.6938,7.5416,
2016-11-02 00:00:00 UTC,,256.0086,1.4393,
2016-11-03 00:00:00 UTC,,901.0279,10.1634,
2016-11-04 00:00:00 UTC,,531.085,1.686,
2016-11-05 00:00:00 UTC,,144.5212,7.9656,
2016-11-06 00:00:00 UTC,,150.1425,4.5277,
2016-11-07 00:00:00 UTC,,403.9113,0.9748,
2016-11-08 00:00:00 UTC,,792.397,5.6452,
2016-11-09 00:00:00 UTC,,1103.1151,20.8933,
2016-11-10 00:00:00 UTC,,335.0607,3.7124,
2016-11-11 00:00:00 UTC,,544.0607,8.0266,
2016-11-12 00:00:00 UTC,,151.7843,1.3713,
2016-11-13 00:00:00 UTC,,120.3412,2.8556,
2016-11-14 00:00:00 UTC,,230.8493,13.8622,
2016-11-15 00:00:00 UTC,,341.5802,2.7584,
2016-11-16 00:00:00 UTC,,1625.9204,6.6854,
2016-11-17 00:00:00 UTC,,1022.344,10.0513,
2016-11-18 00:00:00 UTC,,1517.5995,12.1429,
2016-11-19 00:00:00 UTC,,388.6129,8.8774,
2016-11-20 00:00:00 UTC,,200.5124,0.5304,
2016-11-21 00:00:00 UTC,,399.6907,6.0209,
2016-11-22 00:00:00 UTC,,652.3702,6.4371,
2016-11-23 00:00:00 UTC,,1169.6739,10.5682,
2016-11-24 00:00:00 UTC,,477.5456,2.1537,
2016-11-25 00:00:00 UTC,,501.9394,0.6918,
2016-11-26 00:00:00 UTC,,281.3514,8.9335,
2016-11-27 00:00:00 UTC,,352.2437,1.7632,
2016-11-28 00:00:00 UTC,,562.1354,3.5239,
2016-11-29 00:00:00 UTC,,406.4582,1.0635,
2016-11-30 00:00:00 UTC,,255.3349,1.9882,
2016-12-01 00:00:00 UTC,,349.4775,4.0222,
2016-12-02 00:00:00 UTC,,356.4543,15.9266,
2016-12-03 00:00:00 UTC,,325.1675,1.555,
2016-12-04 00:00:00 UTC,,129.506,1.8121,
2016-12-05 00:00:00 UTC,,599.3366,1.3898,
2016-12-06 00:00:00 UTC,,291.6914,1.3227,
2016-12-07 00:00:00 UTC,,535.4659,11.0493,
2016-12-08 00:00:00 UTC,,371.5005,3.2472,
2016-12-09 00:00:00 UTC,,279.1333,1.7452,
2016-12-10 00:00:00 UTC,,208.5516,9.2855,
2016-12-11 00:00:00 UTC,,153.3626,0.6057,
2016-12-12 00:00:00 UTC,,298.5803,0.7469,
2016-12-13 00:00:00 UTC,,373.6634,18.8469,
2016-12-14 00:00:00 UTC,,253.1739,6.7197,
2016-12-15 00:00:00 UTC,,182.432,8.2042,
2016-12-16 00:00:00 UTC,,180.9956,5.2132,
2016-12-17 00:00:00 UTC,,93.1237,0.2126,
2016-12-18 00:00:00 UTC,,118.0679,0.135,
2016-12-19 00:00:00 UTC,,440.8448,5.069,
2016-12-20 00:00:00 UTC,,185.4148,6.982,
2016-12-21 00:00:00 UTC,,346.9575,19.2736,
2016-12-22 00:00:00 UTC,,606.8516,2.7445,
2016-12-23 00:00:00 UTC,,440.0847,2.8846,
2016-12-24 00:00:00 UTC,,311.5207,0.6025,
2016-12-25 00:00:00 UTC,,200.5415,0.2517,
2016-12-26 00:00:00 UTC,,31.7826,0.9662,
2016-12-27 00:00:00 UTC,,111.1506,9.4309,
2016-12-28 00:00:00 UTC,,197.3113,2.1762,
2016-12-29 00:00:00 UTC,,813.6751,2.2044,
2016-12-30 00:00:00 UTC,,331.2156,4.8558,
2016-12-31 00:00:00 UTC,,133.8089,1.1704,
2017-01-01 00:00:00 UTC,,159.5529,16.8694,
2017-01-02 00:00:00 UTC,,98.2084,2.4665,
2017-01-03 00:00:00 UTC,,552.6675,5.6129,
2017-01-04 00:00:00 UTC,,286.3948,6.2779,
2017-01-05 00:00:00 UTC,,677.145,17.381,
2017-01-06 00:00:00 UTC,,487.2786,7.1814,
2017-01-07 00:00:00 UTC,,131.3324,2.115,
2017-01-08 00:00:00 UTC,,148.026,2.3335,
2017-01-09 00:00:00 UTC,,196.3252,9.7686,
2017-01-10 00:00:00 UTC,,179.7021,1.589,
2017-01-11 00:00:00 UTC,,644.4432,6.6735,
2017-01-12 00:00:00 UTC,,957.2288,1.5689,
2017-01-13 00:00:00 UTC,,522.7253,3.3975,
2017-01-14 00:00:00 UTC,,287.7431,0.8949,
2017-01-15 00:00:00 UTC,,145.3219,5.8051,
2017-01-16 00:00:00 UTC,,213.2863,1.1716,
2017-01-17 00:00:00 UTC,,226.071,0.7629,
2017-01-18 00:00:00 UTC,,341.8836,15.9034,
2017-01-19 00:00:00 UTC,,191.6206,18.45,
2017-01-20 00:00:00 UTC,,169.2741,0.4943,
2017-01-21 00:00:00 UTC,,213.5704,2.2362,
2017-01-22 00:00:00 UTC,,117.4007,2.0234,
2017-01-23 00:00:00 UTC,,408.9838,0.6999,
2017-01-24 00:00:00 UTC,,218.9512,1.9295,
2017-01-25 00:00:00 UTC,,204.9777,0.3907,
2017-01-26 00:00:00 UTC,,106.8749,0.6281,
2017-01-27 00:00:00 UTC,,107.1993,3.4835,
2017-01-28 00:00:00 UTC,,60.5106,5.4391,
2017-01-29 00:00:00 UTC,,40.6465,1.6028,
2017-01-30 00:00:00 UTC,,64.6427,4.061,
2017-01-31 00:00:00 UTC,,226.0356,15.0533,
2017-02-01 00:00:00 UTC,,325.3131,1.826,
2017-02-02 00:00:00 UTC,,305.1211,6.5097,
2017-02-03 00:00:00 UTC,,328.4603,5.0067,
2017-02-04 00:00:00 UTC,,154.0491,2.4427,
2017-02-05 00:00:00 UTC,,109.5937,2.1875,
2017-02-06 00:00:00 UTC,,325.2825,2.6255,
2017-02-07 00:00:00 UTC,,321.7961,3.7526,
2017-02-08 00:00:00 UTC,,306.3114,6.0788,
2017-02-09 00:00:00 UTC,,519.2217,0.0533,
2017-02-10 00:00:00 UTC,,150.9572,41.839,
2017-02-11 00:00:00 UTC,,101.4145,0.2243,
2017-02-12 00:00:00 UTC,,125.2511,1.6816,
2017-02-13 00:00:00 UTC,,143.3561,0.5152,
2017-02-14 00:00:00 UTC,,129.6767,0.7133,
2017-02-15 00:00:00 UTC,,85.5881,0.7797,
2017-02-16 00:00:00 UTC,,113.2644,0.7453,
2017-02-17 00:00:00 UTC,,128.018,11.2496,
2017-02-18 00:00:00 UTC,,133.2111,3.1159,
2017-02-19 00:00:00 UTC,,26.3201,1.603,
2017-02-20 00:00:00 UTC,,14.2459,22.9114,
2017-02-21 00:00:00 UTC,,99.6207,15.0792,
2017-02-22 00:00:00 UTC,,137.7676,9.7943,
2017-02-23 00:00:00 UTC,,105.4886,6.3939,
2017-02-24 00:00:00 UTC,,328.7095,2.3367,
2017-02-25 00:00:00 UTC,,87.3447,12.3076,
2017-02-26 00:00:00 UTC,,41.2905,1.5549,
2017-02-27 00:00:00 UTC,,75.6658,2.8369,
2017-02-28 00:00:00 UTC,,104.9731,0.4637,
2017-03-01 00:00:00 UTC,,126.0496,2.8745,
2017-03-02 00:00:00 UTC,,174.4505,25.1512,
2017-03-03 00:00:00 UTC,,174.3012,2.2757,
2017-03-04 00:00:00 UTC,,74.5924,1.2959,
2017-03-05 00:00:00 UTC,,119.3504,1.5038,
2017-03-06 00:00:00 UTC,,107.2165,1.5901,
2017-03-07 00:00:00 UTC,,119.929,10.3265,
2017-03-08 00:00:00 UTC,,145.7121,3.0745,
2017-03-09 00:00:00 UTC,,73.1652,3.0776,
2017-03-10 00:00:00 UTC,,143.6789,2.757,
2017-03-11 00:00:00 UTC,,72.7108,6.1054,
2017-03-12 00:00:00 UTC,,37.6649,2.6732,
2017-03-13 00:00:00 UTC,,81.6561,3.3899,
2017-03-14 00:00:00 UTC,,44.1575,0.6954,
2017-03-15 00:00:00 UTC,,116.8428,2.01340466,
2017-03-16 00:00:00 UTC,,104.7157,2.95475742,
2017-03-17 00:00:00 UTC,,104.343,1.92608019,
2017-03-18 00:00:00 UTC,,261.8723,3.52117639,
2017-03-19 00:00:00 UTC,,112.0272,2.33617647,
2017-03-20 00:00:00 UTC,,69.8028,2.68259005,
2017-03-21 00:00:00 UTC,,96.6612,4.64830362,
2017-03-22 00:00:00 UTC,,89.4959,2.84660737,
2017-03-23 00:00:00 UTC,,122.6385,1.77035481,
2017-03-24 00:00:00 UTC,,176.298,15.73435925,
2017-03-25 00:00:00 UTC,,121.5981,2.358907,
2017-03-26 00:00:00 UTC,,25.6634,1.0527135,
2017-03-27 00:00:00 UTC,,3.607,14.40721953,
2017-03-28 00:00:00 UTC,,21.7782,0.8202077,
2017-03-29 00:00:00 UTC,,85.2633,0.41336745,
2017-03-30 00:00:00 UTC,,121.1645,0.28915685,
2017-03-31 00:00:00 UTC,,76.3097,10.30894365,
2017-04-01 00:00:00 UTC,,54.5202,1.55322781,
2017-04-02 00:00:00 UTC,,39.0502,3.72272438,
2017-04-03 00:00:00 UTC,,162.733,5.11205712,
2017-04-04 00:00:00 UTC,,167.6213,23.7840112,
2017-04-05 00:00:00 UTC,,52.6323,4.39857989,
2017-04-06 00:00:00 UTC,,181.9527,1.33381099,
2017-04-07 00:00:00 UTC,,216.2678,6.50225599,
2017-04-08 00:00:00 UTC,,30.3194,1.17813369,
2017-04-09 00:00:00 UTC,,70.4607,2.75002883,
2017-04-10 00:00:00 UTC,,76.6479,9.75241279,
2017-04-11 00:00:00 UTC,,90.6054,5.2428151,
2017-04-12 00:00:00 UTC,,86.5093,7.91209853,
2017-04-13 00:00:00 UTC,,155.1944,2.80723746,
2017-04-14 00:00:00 UTC,,45.5018,8.99867306,
2017-04-15 00:00:00 UTC,,44.9513,1.16373063,
2017-04-16 00:00:00 UTC,,35.8825,0.1760736,
2017-04-17 00:00:00 UTC,,161.5483,1.17886686,
2017-04-18 00:00:00 UTC,,28.9281,5.76669806,
2017-04-19 00:00:00 UTC,,4.0804,2.25963163,
2017-04-20 00:00:00 UTC,,26.0605,9.27895367,
2017-04-21 00:00:00 UTC,,0.03,4.75845979,
2017-04-22 00:00:00 UTC,,2.6599,1.22509844,
2017-04-23 00:00:00 UTC,,1.035,2.7402775,
2017-04-24 00:00:00 UTC,,4.366,6.86440259,
2017-04-25 00:00:00 UTC,,40.9597,7.07601627,
2017-04-26 00:00:00 UTC,,3.1982,2.90827156,
2017-04-27 00:00:00 UTC,,1.6094,2.13072012,
2017-04-28 00:00:00 UTC,,2.4901,11.84817102,
2017-04-29 00:00:00 UTC,,2.3949,2.74285964,
2017-04-30 00:00:00 UTC,,,0.05272204,
2017-05-01 00:00:00 UTC,,9.5741,5.83538728,
2017-05-02 00:00:00 UTC,,13.8481,10.33349464,
2017-05-03 00:00:00 UTC,,0.3223,15.35797947,
2017-05-04 00:00:00 UTC,,1.6437,5.13456661,
2017-05-05 00:00:00 UTC,,34.1211,25.38769235,
2017-05-06 00:00:00 UTC,,0.101,31.35339021,
2017-05-07 00:00:00 UTC,,,1.39517163,
2017-05-08 00:00:00 UTC,,1.5127,22.23262169,
2017-05-09 00:00:00 UTC,,0.9061,3.60514881,
2017-05-10 00:00:00 UTC,,8.2379,12.37005133,
2017-05-11 00:00:00 UTC,,10.256,7.30789873,
2017-05-12 00:00:00 UTC,,0.6968,1.88975673,
2017-05-13 00:00:00 UTC,,5.2649,4.73449491,
2017-05-14 00:00:00 UTC,,0.1712,0.4425839,
2017-05-15 00:00:00 UTC,,11.101,14.05074336,
2017-05-16 00:00:00 UTC,,0.1251,3.29359329,
2017-05-17 00:00:00 UTC,,1.6337,3.23012641,
2017-05-18 00:00:00 UTC,,1.9216,8.13802357,
2017-05-19 00:00:00 UTC,,5.8679,5.18244256,
2017-05-20 00:00:00 UTC,,0.411,4.28217243,
2017-05-21 00:00:00 UTC,,0.44,6.37261776,
2017-05-22 00:00:00 UTC,,4.4519,22.75728685,
2017-05-23 00:00:00 UTC,,4.0656,22.10290871,
2017-05-24 00:00:00 UTC,,0.6015,16.83800143,
2017-05-25 00:00:00 UTC,,8.0217,7.06685368,
2017-05-26 00:00:00 UTC,,2.9095,0.98211394,
2017-05-27 00:00:00 UTC,,0.7416,1.22664732,
2017-05-28 00:00:00 UTC,,0.1502,0.39569941,
2017-05-29 00:00:00 UTC,,,4.35735108,
2017-05-30 00:00:00 UTC,,1.2085,12.15930533,
2017-05-31 00:00:00 UTC,,20.4907,1.36408213,
2017-06-01 00:00:00 UTC,,2.9715,10.58826012,
2017-06-02 00:00:00 UTC,,0.564,3.09745974,
2017-06-03 00:00:00 UTC,,0.0559,0.21276321,
2017-06-04 00:00:00 UTC,,0.948,4.43589001,
2017-06-05 00:00:00 UTC,,1.8211,1.01784593,
2017-06-06 00:00:00 UTC,,,3.64420597,
2017-06-07 00:00:00 UTC,,,2.31376469,
2017-06-08 00:00:00 UTC,,0.004,3.14766769,
2017-06-09 00:00:00 UTC,,0.8378,3.32837419,
2017-06-10 00:00:00 UTC,,1.8976,3.57031885,
2017-06-11 00:00:00 UTC,,,1.82332891,
2017-06-12 00:00:00 UTC,,0.079,11.68052004,
2017-06-13 00:00:00 UTC,,0.3,0.89119844,
2017-06-14 00:00:00 UTC,,0.7,7.1314032,
2017-06-15 00:00:00 UTC,,0.86,6.4397602,
2017-06-16 00:00:00 UTC,,2.0,4.62559854,
2017-06-17 00:00:00 UTC,,,1.07901609,
2017-06-18 00:00:00 UTC,,,1.95873097,
2017-06-19 00:00:00 UTC,,4.5527,1.9153726,
2017-06-20 00:00:00 UTC,,2.4235,3.43786767,
2017-06-21 00:00:00 UTC,,4.999,0.57393896,
2017-06-22 00:00:00 UTC,,0.5202,3.0482279,
2017-06-23 00:00:00 UTC,,,2.15266123,
2017-06-24 00:00:00 UTC,,0.3841,5.47172509,
2017-06-25 00:00:00 UTC,,0.0289,0.67944354,
2017-06-26 00:00:00 UTC,,0.0615,1.15483383,
2017-06-27 00:00:00 UTC,,2.571,4.90236256,
2017-06-28 00:00:00 UTC,,7.1327,0.73684036,
2017-06-29 00:00:00 UTC,,0.3441,0.58722719,
2017-06-30 00:00:00 UTC,,0.005,0.83792689,
2017-07-01 00:00:00 UTC,,0.0974,1.48094131,
2017-07-02 00:00:00 UTC,,0.1004,0.36478921,
2017-07-03 00:00:00 UTC,,11.0403,4.45814198,
2017-07-04 00:00:00 UTC,,0.8169,6.05500124,
2017-07-05 00:00:00 UTC,,32.418,2.52532486,
2017-07-06 00:00:00 UTC,,,0.54200767,
2017-07-07 00:00:00 UTC,,6.4938,4.48811663,
2017-07-08 00:00:00 UTC,,0.8025,3.70411657,
2017-07-09 00:00:00 UTC,,0.1003,0.79069028,
2017-07-10 00:00:00 UTC,,3.9239,12.80200632,
2017-07-11 00:00:00 UTC,,2.6034,4.53667901,
2017-07-12 00:00:00 UTC,,2.93,2.91816031,
2017-07-13 00:00:00 UTC,,1.13,2.59281503,
2017-07-14 00:00:00 UTC,,0.4003,3.24980251,
2017-07-15 00:00:00 UTC,,7.4436,2.58670824,
2017-07-16 00:00:00 UTC,,22.8883,5.40404219,
2017-07-17 00:00:00 UTC,,0.0019,9.21345365,
2017-07-18 00:00:00 UTC,,0.1722,4.80954383,
2017-07-19 00:00:00 UTC,,0.4891,10.06727862,
2017-07-20 00:00:00 UTC,,5.104,0.35457287,
2017-07-21 00:00:00 UTC,,3.2956,2.9526373,
2017-07-22 00:00:00 UTC,,0.2022,1.53221737,
2017-07-23 00:00:00 UTC,,0.461,1.07173655,
2017-07-24 00:00:00 UTC,,0.4395,2.22886434,
2017-07-25 00:00:00 UTC,,2.8308,7.23876109,
2017-07-26 00:00:00 UTC,,0.3909,0.95814456,
2017-07-27 00:00:00 UTC,,0.238,3.391405,
2017-07-28 00:00:00 UTC,,0.6335,4.36699459,
2017-07-29 00:00:00 UTC,,0.0743,0.32344228,
2017-07-30 00:00:00 UTC,,1.8626,2.1281634,
2017-07-31 00:00:00 UTC,,4.8448,0.27415882,
2017-08-01 00:00:00 UTC,,2.1982,0.03711686,
2017-08-02 00:00:00 UTC,,0.8358,1.01742964,
2017-08-03 00:00:00 UTC,,0.0676,1.17837226,
2017-08-04 00:00:00 UTC,,,2.58758497,
2017-08-05 00:00:00 UTC,,4.4584,0.99651252,
2017-08-06 00:00:00 UTC,,3.1659,2.8000914,
2017-08-07 00:00:00 UTC,,0.2,1.60199187,
2017-08-08 00:00:00 UTC,,1.7051,14.15595507,
2017-08-09 00:00:00 UTC,,4.3881,6.31270312,
2017-08-10 00:00:00 UTC,,0.169,3.67422347,
2017-08-11 00:00:00 UTC,,1.1864,3.71311678,
2017-08-12 00:00:00 UTC,,7.0763,5.54301237,
2017-08-13 00:00:00 UTC,,5.7511,4.00664065,
2017-08-14 00:00:00 UTC,,0.9158,12.97608699,
2017-08-15 00:00:00 UTC,,6.5606,12.26513852,
2017-08-16 00:00:00 UTC,,,4.33747603,
2017-08-17 00:00:00 UTC,,4.35,1.16203894,
2017-08-18 00:00:00 UTC,,2.5906,2.62001589,
2017-08-19 00:00:00 UTC,,3.0711,2.85667574,
2017-08-20 00:00:00 UTC,,1.1018,2.35233871,
2017-08-21 00:00:00 UTC,,1.2844,1.18672744,
2017-08-22 00:00:00 UTC,,6.8106,1.67245609,
2017-08-23 00:00:00 UTC,,0.0013,0.88651275,
2017-08-24 00:00:00 UTC,,,1.04721887,
2017-08-25 00:00:00 UTC,,,0.78634381,
2017-08-26 00:00:00 UTC,,,1.27908752,
2017-08-27 00:00:00 UTC,,,2.88464034,
2017-08-28 00:00:00 UTC,,0.1198,3.08087757,
2017-08-29 00:00:00 UTC,,0.863,3.67313935,
2017-08-30 00:00:00 UTC,,0.9906,7.56278102,
2017-08-31 00:00:00 UTC,,,2.5161074,
2017-09-01 00:00:00 UTC,,1.3809,6.3947562,
2017-09-02 00:00:00 UTC,,3.8501,4.35811752,
2017-09-03 00:00:00 UTC,,1.4368,4.72561688,
2017-09-04 00:00:00 UTC,,4.069,4.39532353,
2017-09-05 00:00:00 UTC,,1.9942,1.99373389,
2017-09-06 00:00:00 UTC,,0.1029,10.48664688,
2017-09-07 00:00:00 UTC,,0.002,10.16777494,
2017-09-08 00:00:00 UTC,,9.2048,2.44003985,
2017-09-09 00:00:00 UTC,,1.3711,7.69942153,
2017-09-10 00:00:00 UTC,,0.2804,9.22711909,
2017-09-11 00:00:00 UTC,,0.4285,14.24478226,
2017-09-12 00:00:00 UTC,,1.0624,3.39199466,
2017-09-13 00:00:00 UTC,,5.5229,6.12739137,
2017-09-14 00:00:00 UTC,,19.2199,3.8744046,
2017-09-15 00:00:00 UTC,,54.394,16.86347341,
2017-09-16 00:00:00 UTC,,2.1146,3.66436922,
2017-09-17 00:00:00 UTC,,6.7846,1.2498778,
2017-09-18 00:00:00 UTC,,4.4047,6.2926361,
2017-09-19 00:00:00 UTC,,5.364,5.1187801,
2017-09-20 00:00:00 UTC,,3.8342,3.14860437,
2017-09-21 00:00:00 UTC,,1.022,0.16986504,
2017-09-22 00:00:00 UTC,,0.8307,8.43782739,
2017-09-23 00:00:00 UTC,,1.3812,2.57399053,
2017-09-24 00:00:00 UTC,,0.8603,0.68529976,
2017-09-25 00:00:00 UTC,,2.5521,1.77451372,
2017-09-26 00:00:00 UTC,,0.5822,2.55174595,
2017-09-27 00:00:00 UTC,,0.001,4.21657373,
2017-09-28 00:00:00 UTC,,3.4424,5.60236889,
2017-09-29 00:00:00 UTC,,0.6757,6.70749368,
2017-09-30 00:00:00 UTC,,0.064,5.60648738,
2017-10-01 00:00:00 UTC,,0.4394,2.29444972,
2017-10-02 00:00:00 UTC,,1.0259,2.56068125,
2017-10-03 00:00:00 UTC,,0.5881,1.90688016,
2017-10-04 00:00:00 UTC,,0.1806,6.68265837,
2017-10-05 00:00:00 UTC,,0.3614,10.29874865,
2017-10-06 00:00:00 UTC,,1.4093,9.20494513,
2017-10-07 00:00:00 UTC,,0.0873,3.59740406,
2017-10-08 00:00:00 UTC,,0.2,5.51516535,
2017-10-09 00:00:00 UTC,,0.813,3.46925228,
2017-10-10 00:00:00 UTC,,2.6534,2.70393777,
2017-10-11 00:00:00 UTC,,,4.08327226,
2017-10-12 00:00:00 UTC,,,9.00832084,
2017-10-13 00:00:00 UTC,,,8.48889307,
2017-10-14 00:00:00 UTC,,0.5882,3.86929871,
2017-10-15 00:00:00 UTC,,1.988,4.26457835,
2017-10-16 00:00:00 UTC,,0.5753,0.7895572,
2017-10-17 00:00:00 UTC,,1.1498,5.15663549,
2017-10-18 00:00:00 UTC,,1.7266,6.05375924,
2017-10-19 00:00:00 UTC,,0.3082,9.19356158,
2017-10-20 00:00:00 UTC,,2.8497,4.54968101,
2017-10-21 00:00:00 UTC,,2.6411,1.48727347,
2017-10-22 00:00:00 UTC,,1.463,7.82410865,
2017-10-23 00:00:00 UTC,,4.0434,0.56820692,
2017-10-24 00:00:00 UTC,,1.8363,4.32778982,
2017-10-25 00:00:00 UTC,,1.233,2.30919078,
2017-10-26 00:00:00 UTC,,0.2,2.90725623,
2017-10-27 00:00:00 UTC,,,1.89387803,
2017-10-28 00:00:00 UTC,,0.765,0.87188295,
2017-10-29 00:00:00 UTC,,1.2663,1.35055843,
2017-10-30 00:00:00 UTC,,1.5105,8.24735136,
2017-10-31 00:00:00 UTC,,0.4132,17.47011518,
2017-11-01 00:00:00 UTC,,0.1197,3.96967013,
2017-11-02 00:00:00 UTC,,6.6844,10.43205884,
2017-11-03 00:00:00 UTC,,3.4606,8.15533316,
2017-11-04 00:00:00 UTC,,1.2305,4.83876422,
2017-11-05 00:00:00 UTC,,0.5003,17.49438722,
2017-11-06 00:00:00 UTC,,1.3157,2.21360819,
2017-11-07 00:00:00 UTC,,0.2002,18.05643662,
2017-11-08 00:00:00 UTC,,3.5162,2.54205973,
2017-11-09 00:00:00 UTC,,0.2,2.29255922,
2017-11-10 00:00:00 UTC,,0.8001,2.15079297,
2017-11-11 00:00:00 UTC,,0.7095,1.80404349,
2017-11-12 00:00:00 UTC,,11.2056,3.6519533,
2017-11-13 00:00:00 UTC,,3.8352,1.47337008,
2017-11-14 00:00:00 UTC,,,7.93553248,
2017-11-15 00:00:00 UTC,,1.6194,7.00711,
2017-11-16 00:00:00 UTC,,1.2009,6.45592763,
2017-11-17 00:00:00 UTC,,2.5903,9.85006233,
2017-11-18 00:00:00 UTC,,0.8832,2.71655126,
2017-11-19 00:00:00 UTC,,0.5853,2.99995227,
2017-11-20 00:00:00 UTC,,0.0046,1.6087217,
2017-11-21 00:00:00 UTC,,2.4717,2.87980669,
2017-11-22 00:00:00 UTC,,0.121,2.25763817,
2017-11-23 00:00:00 UTC,,0.033,0.71622016,
2017-11-24 00:00:00 UTC,,0.033,5.08518275,
2017-11-25 00:00:00 UTC,,,10.99613715,
2017-11-26 00:00:00 UTC,,1.788,2.15807083,
2017-11-27 00:00:00 UTC,,0.1952,19.05212187,
2017-11-28 00:00:00 UTC,,0.0828,5.76916482,
2017-11-29 00:00:00 UTC,,8.4992,14.77539329,
2017-11-30 00:00:00 UTC,,4.2235,7.55367563,
2017-12-01 00:00:00 UTC,,1.3167,4.79045705,
2017-12-02 00:00:00 UTC,,0.1185,8.3271942,
2017-12-03 00:00:00 UTC,,2.9045,2.88048569,
2017-12-04 00:00:00 UTC,,1.954,12.60969616,
2017-12-05 00:00:00 UTC,,0.6722,16.52458721,
2017-12-06 00:00:00 UTC,,5.7241,21.49660055,
2017-12-07 00:00:00 UTC,,0.7289,16.22341137,
2017-12-08 00:00:00 UTC,,22.1106,8.87415588,
2017-12-09 00:00:00 UTC,,23.6268,3.36851876,
2017-12-10 00:00:00 UTC,,15.0716,4.12343778,
2017-12-11 00:00:00 UTC,,10.874,6.5715396,
2017-12-12 00:00:00 UTC,,6.3689,5.83816593,
2017-12-13 00:00:00 UTC,,6.9139,7.32441894,
2017-12-14 00:00:00 UTC,,3.6508,4.97060929,
2017-12-15 00:00:00 UTC,,5.7492,4.00403682,
2017-12-16 00:00:00 UTC,,0.8131,8.28038356,
2017-12-17 00:00:00 UTC,,3.3701,3.92774427,
2017-12-18 00:00:00 UTC,,8.0017,4.61464927,
2017-12-19 00:00:00 UTC,,3.556,12.62202113,
2017-12-20 00:00:00 UTC,,20.7072,13.40845903,
2017-12-21 00:00:00 UTC,,11.35,12.06664249,
2017-12-22 00:00:00 UTC,,2.3154,9.31118609,
2017-12-23 00:00:00 UTC,,,1.63984182,
2017-12-24 00:00:00 UTC,,0.705,4.27584725,
2017-12-25 00:00:00 UTC,,,6.10435859,
2017-12-26 00:00:00 UTC,,1.4698,3.15160019,
2017-12-27 00:00:00 UTC,,13.0566,11.0558432,
2017-12-28 00:00:00 UTC,,28.3869,9.29760105,
2017-12-29 00:00:00 UTC,,8.7753,14.99467724,
2017-12-30 00:00:00 UTC,,34.7192,8.05197527,
2017-12-31 00:00:00 UTC,,9.0926,3.13706975,
2018-01-01 00:00:00 UTC,,6.8605,1.56108198,
2018-01-02 00:00:00 UTC,,9.8847,11.15706265,
2018-01-03 00:00:00 UTC,,4.8918,19.57388857,
2018-01-04 00:00:00 UTC,,5.0671,26.42218111,
2018-01-05 00:00:00 UTC,,2.8711,9.60597143,
2018-01-06 00:00:00 UTC,,2.0259,5.98522273,
2018-01-07 00:00:00 UTC,,2.923,5.93064518,
2018-01-08 00:00:00 UTC,,15.2428,8.28892511,
2018-01-09 00:00:00 UTC,,6.9802,27.30726828,
2018-01-10 00:00:00 UTC,,9.2884,11.29441781,
2018-01-11 00:00:00 UTC,,34.4963,20.9455994,
2018-01-12 00:00:00 UTC,,8.4078,8.32101572,
2018-01-13 00:00:00 UTC,,2.6983,7.4201607,
2018-01-14 00:00:00 UTC,,4.1655,7.00668023,
2018-01-15 00:00:00 UTC,,2.6054,5.67718806,
2018-01-16 00:00:00 UTC,,56.6687,6.92970795,
2018-01-17 00:00:00 UTC,,109.4401,12.55633755,
2018-01-18 00:00:00 UTC,,44.0451,16.17894612,
2018-01-19 00:00:00 UTC,,14.749,4.31258429,
2018-01-20 00:00:00 UTC,,7.1768,13.39972332,
2018-01-21 00:00:00 UTC,,13.8077,6.63283509,
2018-01-22 00:00:00 UTC,,11.7669,8.88154401,
2018-01-23 00:00:00 UTC,,15.6904,11.53560407,
2018-01-24 00:00:00 UTC,,2.0692,11.92915222,
2018-01-25 00:00:00 UTC,,,6.25213784,
2018-01-26 00:00:00 UTC,,,12.10288108,
2018-01-27 00:00:00 UTC,,,1.27602431,
2018-01-28 00:00:00 UTC,,,3.02412921,
2018-01-29 00:00:00 UTC,,4.4013,2.02707886,
2018-01-30 00:00:00 UTC,,3.5902,7.18695143,
2018-01-31 00:00:00 UTC,,1.6757,2.93741336,
2018-02-01 00:00:00 UTC,,3.6807,10.66724559,
2018-02-02 00:00:00 UTC,,21.8138,14.74044373,
2018-02-03 00:00:00 UTC,,2.9133,2.54067957,
2018-02-04 00:00:00 UTC,,4.361,13.76259412,
2018-02-05 00:00:00 UTC,,14.1018,4.33241473,
2018-02-06 00:00:00 UTC,,62.3544,12.00577643,
2018-02-07 00:00:00 UTC,,8.6656,9.3812315,
2018-02-08 00:00:00 UTC,,1.9862,2.49170707,
2018-02-09 00:00:00 UTC,,1.5156,13.47380259,
2018-02-10 00:00:00 UTC,,1.7593,3.75441315,
2018-02-11 00:00:00 UTC,,1.6617,4.97113124,
2018-02-12 00:00:00 UTC,,0.9586,2.29917369,
2018-02-13 00:00:00 UTC,,0.5267,4.27201176,
2018-02-14 00:00:00 UTC,,0.473,3.38296283,
2018-02-15 00:00:00 UTC,,1.2889,10.29393157,
2018-02-16 00:00:00 UTC,,1.0157,4.0368022,
2018-02-17 00:00:00 UTC,,0.8925,6.76786159,
2018-02-18 00:00:00 UTC,,1.5803,3.3712433,
2018-02-19 00:00:00 UTC,,0.3894,4.37267354,
2018-02-20 00:00:00 UTC,,0.2414,1.20367721,
2018-02-21 00:00:00 UTC,,0.5941,5.55678737,
